11:58:34,"Robinho ""DO SANTOS"" :  ""Al√©m disso, ele faz quest√£o de apoiar um gov abertamente racista, machista e LGBTf√≥bico com‚Ä¶ https://t.co/hRFoXdBb1G",1
11:58:38,"RT @NetoEmerson7804: Governador da Bahia, Rui Costa mostrando como se comportar frente ao COVID-19 (em tempos de elei√ß√£o, claro)! https://t‚Ä¶",2
11:58:41,Bolsonaro volta a dizer que vacina contra Covid-19 n√£o ser√° obrigat√≥ria - https://t.co/lYkmgkCxa0 https://t.co/HmGMKon6YX,3
11:58:56,TO tem segunda-feira com 138 novos infectados pela covid; maioria no norte do¬†estado https://t.co/LGAgRXbA74,4
11:58:56,Brasil registra primeiro caso confirmado de covid-19 em gato https://t.co/CyNWpwdSUr https://t.co/Uq8eA2szt6,5
11:58:58,"A 2¬™ fase do inqu√©rito sorol√≥gico tem in√≠cio nesta segunda-feira (19) em 66 munic√≠pios maranhenses. Ao todo, mais d‚Ä¶ https://t.co/WpoUEGB3Um",6
11:59:10,Entenda - Intelig√™ncia Artificial garante confiabilidade maior na detec√ß√£o de covid-19 - https://t.co/I40ESBXuiZ,7
11:59:11,"RT @JornalBSM: O presidente declarou seu posicionamento sobre a vacina√ß√£o contra o novo coronav√≠rus, ap√≥s o governador de S√£o Paulo, Jo√£o D‚Ä¶",8
11:59:32,Covid-19: Ocupa√ß√£o de leitos cl√≠nicos pedi√°tricos para Covid-19 chega a 100% em Salvador - https://t.co/ZhsRPbcKyQ,9
11:59:59,"RT @peterjordan100: H√° mais de 20 dias atr√°s eu levantei a quest√£o de que estavam havendo muitas aglomera√ß√µes e, mesmo assim, o gr√°fico de‚Ä¶",10
12:0:3,"Bolsonaro volta a atacar Doria por vacina: ""se intitula m√©dico do Brasil"" https://t.co/CV1I3saXO0 via @UOLNoticias @UOL",11
12:0:4,"""Medidas duras"" foram importantes contra a Covid-19, diz Bruno Covas; siga entrevista https://t.co/HWBs3h9sct",12
12:0:5,"Aposta em BDRs de laborat√≥rios e farmac√™uticas ganha for√ßa, em meio √† corrida pela vacina contra Covid-19 https://t.co/e6wLvfmTkq",13
12:0:5,"M√™s em que celebra o Dia da Crian√ßas, outubro registra at√© o momento a maior m√©dia de pacientes pedi√°tricos interna‚Ä¶ https://t.co/dT6lvtoUCO",14
12:0:6,"Ao todo, o estado tem 2.703 pacientes em isolamento domiciliar, 164 internados em enfermarias e 110 em leitos de Un‚Ä¶ https://t.co/njbZEX8H3w",15
12:0:7,Coronav√≠rus: o mecanismo que pode fazer c√£es detectarem covid-19 at√© 5 dias antes de sintomas come√ßarem‚Ä¶ https://t.co/Foh3yEmXNp,16
12:0:8,"RT @GovernoMA: A 2¬™ fase do inqu√©rito sorol√≥gico tem in√≠cio nesta segunda-feira (19) em 66 munic√≠pios maranhenses. Ao todo, mais de 5 mil p‚Ä¶",17
12:0:8,Portugal se aproxima dos 100 mil casos do novo coronav√≠rus https://t.co/EjbDiPuzDy #JornalDaRecord #JR24H https://t.co/fw5ywvoTOJ,18
12:0:8,Mar√≠lia chega a 60 mortes por Covid-19... https://t.co/bGsnCMCU80,19
12:0:11,RT @XHportugues: Rede 5G da China tem mais de 600 mil esta√ß√µes-base https://t.co/JzWK0XHjhM  A epidemia da COVID-19 acelerou a implementa√ß√£‚Ä¶,20
12:0:12,PORTUGAL | CORONAV√çRUS https://t.co/RNm71PNiAy Ind√≠cios de viola√ß√£o dos direitos humanos em dois lares portugueses,21
12:0:13,RT @JornalGGN: Coronav√≠rus: Como alguns pa√≠ses est√£o respondendo ao ressurgimento de casos https://t.co/WvJmWBmmHn https://t.co/X3Hlr2FcxV,22
12:0:15,RT @portalR7: Brasil registra primeiro caso confirmado de covid-19 em gato https://t.co/CyNWpwdSUr https://t.co/Uq8eA2szt6,23
12:0:19,Covid-19: Declara√ß√£o m√©dica substitui teste negativo em regresso √† escola ou emprego - https://t.co/ITAvpVXA3i https://t.co/BCnQ66AVjz,24
12:0:22,Pessoas com sangue tipo O teriam menos risco de contrair¬†covid-19 https://t.co/hoyYxHEdM6,25
12:0:29,"Diagnosticado com novo coronav√≠rus, deputado Roberto Carlos √© internado em UTI de hospital de¬†Petrolina https://t.co/EgGsDBmXjd",26
12:0:31,Covid-19. A situa√ß√£o ao minuto do novo coronav√≠rus no pa√≠s e no mundo https://t.co/iqnZzDboDq,27
12:0:33,"Essa discuss√£o serve a dois prop√≥sitos:  1Ô∏è‚É£ disputa eleitoreira, pra ver quem ser√° o ‚Äúher√≥i‚Äù contra o coronavirus.‚Ä¶ https://t.co/UA28GsgKDM",28
12:0:42,"RT @Alliatti: Taxa de ocupa√ß√£o de UTIs para Covid na cidade de S√£o Paulo caiu para 27%.   Tenho um p√© atr√°s com esses boletins, √†s vezes el‚Ä¶",29
12:0:43,JORNAL PIRATININGA Reportagem conversou com uma bi√≥loga que comentou sobre as not√≠cias falsas que provocam alardes‚Ä¶ https://t.co/S1sdHeSJK4,30
12:1:9,Brasil tem 247 casos de reinfec√ß√µes por Covid-19 sendo investigados üìª OU√áA NA W: https://t.co/QwhdIgIIbN   #covid19,31
12:1:11,Tem artigo atualizado em nosso site. Acesse https://t.co/OJs8v6mH5T  #SINDMEPA #Not√≠cias #Medicina #Par√° #Sindicato‚Ä¶ https://t.co/ccLqkcVPYz,32
12:1:15,Covid-19. Mulher detida em autocarro por violar confinamento obrigat√≥rio https://t.co/tfjs2IcUJ9,33
12:1:39,Pandemia do novo coronav√≠rus tem queda recorde na RMVale https://t.co/mMn7FGQwqn,34
12:1:42,A Covid-19 trouxe novos desafios e deu visibilidade para problemas antigos enfrentados pelas mulheres. Precisamos d‚Ä¶ https://t.co/x0pXPofbKN,35
12:1:42,"O posicionamento de Bolsonaro ocorre ap√≥s o governador de S√£o Paulo, Jo√£o Doria (PSDB), afirmar que a vacina chines‚Ä¶ https://t.co/tfUAi5E2wo",36
12:2:14,"Ap√≥s luta contra covid, padre Jos√© Schwind tem alta hospitalar https://t.co/LjFnBZfQCw",37
12:2:25,"Diagnosticado com novo coronav√≠rus, deputado Roberto Carlos √© internado em UTI de hospital de¬†Petrolina https://t.co/urothHG60x",38
12:2:36,Hospital de Jerusal√©m recebe casamento do filho de um dos internados com covid-19 https://t.co/HMNrJu2EtE,39
12:2:55,@g1 O sol tamb√©m √© seguro e de gra√ßa. https://t.co/iQtnivxTS3,40
12:3:0,BIZO CLOROQUINA  O presidente Jair Bolsonaro esclarece de uma vez por todas e tira todas as d√∫vidas sobre o uso da‚Ä¶ https://t.co/Q6fyMZ0ezw,41
12:3:2,Covid-19: Governo angolano ‚Äúdesagradado‚Äù com suspens√£o de aulas presenciais na Escola Portuguesa de Luanda -‚Ä¶ https://t.co/rRw7JHE30q,42
12:3:13,"‚ÄúIsso √© um verdadeiro absurdo! N√≥s n√£o somos contra uma vacina para que as pessoas fiquem imunes √† Covid-19, n√≥s so‚Ä¶ https://t.co/tcwJfVsRf4",43
12:3:16,"Sine Manaus, oferece nesta segunda-feira (19), 23 vagas de emprego. Em virtude da pandemia da Covid-19, os postos d‚Ä¶ https://t.co/pd8QB2X6uZ",44
12:3:19,"Mundo tem mais de 40 milh√µes de casos de coronav√≠rus, aponta universidade americana | Coronav√≠rus | G1 https://t.co/7981dA9tkR",45
12:3:23,"Jornalistas como  a Monalisa Perrone e Gabriela priori, da CNN. O fil√≥sofo, Leandro Karnal. Governadores e v√°rios p‚Ä¶ https://t.co/vifvgZJQQ4",46
12:3:33,"Nas imagens, divulgadas pela pr√≥pria cantora Mariana Fagundes, √© poss√≠vel ver centenas de pessoas pr√≥ximas e sem o‚Ä¶ https://t.co/ha0Lq22CYA",47
12:3:35,@oatila Parece q o seu planeta √© aquele que vc avalizada estudos previa 1 milh√£o de mortos com COVID ou estamos enganados? ü§î,48
12:3:37,"RT @IsoldaBolsonaro: EU tomei Ivermectina como a√ß√£o preventiva ao COVID19, seguindo o protocolo duas x no intervalo de 15 dias.   E voc√™? ü§î‚Ä¶",49
12:4:6,RT @portalR7: Brasil registra primeiro caso confirmado de covid-19 em gato https://t.co/CyNWpwdSUr https://t.co/Uq8eA2szt6,50
12:4:29,"Previs√£o de 1 milh√£o de c√≥pias vendidas, ouvi dizer rs",51
12:4:57,"Pessoal, infelizmente o Minist√©rio da Sa√∫de colocou a planilha de ontem da COVID com a data de hoje, sem atualiza√ß√£‚Ä¶ https://t.co/ag7ZXvhd4i",52
12:4:59,RT @IvanValente: O delinquente q ocupa a presid√™ncia declarou q ‚Äúa vacina√ß√£o de COVID √± ser√° obrigat√≥ria e ponto final‚Äù.Alem de atender a t‚Ä¶,53
12:5:30,Covid: SES divulga mais quatro mortes e 367 novos casos em Mato Grosso do Sul https://t.co/3ymxeEW0Zu,54
12:5:50,"Recuperado da Covid, Elano volta a comandar Figueirense na S√©rie B https://t.co/E6RndOD2Oh https://t.co/tjsYEe64FU",55
12:6:4,BOZO CLOROQUINA  O presidente Jair Bolsonaro esclarece de uma vez por todas e tira todas as d√∫vidas sobre o uso da‚Ä¶ https://t.co/WS7Zl4iX8h,56
12:6:12,"Dior, Prada e outros tit√£s da moda se rendem ao fetiche por estilo Covid https://t.co/FzXGJuhjhF https://t.co/A2dhaxBfDq",57
12:6:15,Concorda com a obrigatoriedade da app STAYAWAY COVID? https://t.co/GzVKVW02Rw https://t.co/oblYp7oTuP,58
12:6:34,Que legal! Sem mascara e aglomeracao. De onde vai sair dinheiro pra cuidar da covid desses imbecis?,59
12:6:35,Jorge Arag√£o est√° internado na UTI com covid-19 https://t.co/Igitc7lbsS,60
12:6:37,Covid-19. Aplica√ß√£o StayAway Covid com mais de dois milh√µes de utilizadores https://t.co/WrhCrQ4KgR,61
12:6:39,Covid-19. Ordem dos Advogados indicia ‚Äúviola√ß√£o grave‚Äù de direitos em lar de Matosinhos https://t.co/qdVWEIYUya,62
12:6:40,Covid-19. Infetados seis utentes e um funcion√°rio em lar de Belmonte https://t.co/t8yaeRDBs4,63
12:6:41,"Ap√≥s ter Covid-19, Elano j√° pode retornar √†s atividades no Figueirense. #NDmais https://t.co/D86otCgS8Q",64
12:6:41,"Ap√≥s ter Covid-19, Elano j√° pode retornar √†s atividades no Figueirense. #NDmais https://t.co/wKSOZWqHmq",65
12:6:43,"Covid-19. Mais de 40 milh√µes de casos em todo o mundo, 2,5 milh√µes numa semana https://t.co/NVbNbsc4RB",66
12:6:43,Est√° sendo coerente. Nunca orientou a popula√ß√£o a seguir os protocolos de seguran√ßa. Ele mesmo nunca seguiu. Defend‚Ä¶ https://t.co/WyYTQgOBWC,67
12:6:52,RT @doandreleao: Administradores p√∫blicos ainda est√£o tranquilos em detrimento das aglomera√ß√µes e fuga aos protocolos da pandemia porque at‚Ä¶,68
12:7:37,RT @JoaoeFerraz: QUEM poderia imaginar que o uso indiscriminado de antibi√≥ticos nos kits covid poderiam se tornar uma preocupa√ß√£o por eleva‚Ä¶,69
12:7:54,Covid-19: Subiu para 10 n√∫mero de infetados no Agrupamento de Escolas de Mogadouro https://t.co/C71f8FOLnK https://t.co/1X24rBEzC2,70
12:7:59,Covid-19. Aplica√ß√£o StayAway Covid com mais de dois milh√µes de utilizadores https://t.co/APFYqcAeAf https://t.co/7MPvet7D9F,71
12:8:11,Novo chefe da British Airways defende teste de coronav√≠rus antes dos voos https://t.co/Lb2eJvxsWr,72
12:8:12,RT @viniciussexto: E-mails do filho de Joe Biden expostos  pela Fox mostram que ele abriu a Casa Branca para empresas chinesas em troca con‚Ä¶,73
12:8:14,"Bolsonaro volta a atacar Doria por vacina: ""se intitula m√©dico do Brasil"" https://t.co/mcFJGpOeJs via @UOLNoticias @UOL",74
12:8:21,Covid-19. Ordem dos Advogados indicia ‚Äúviola√ß√£o grave‚Äù de direitos em lar de Matosinhos https://t.co/4Qqii6Uhcn https://t.co/yh507XNAfh,75
12:8:22,Enquanto o Brasil completa uma semana em tend√™ncia de queda de √≥bitos por Covid; com m√©dia m√≥vel √© de 483 mortos po‚Ä¶ https://t.co/TxzjRRr5mm,76
12:8:23,Covid-19. Infetados seis utentes e um funcion√°rio em lar de Belmonte https://t.co/54QK6pubZa https://t.co/heEs4YNiyq,77
12:8:25,"Covid-19. Mais de 40 milh√µes de casos em todo o mundo, 2,5 milh√µes numa semana https://t.co/LxyeDTzqia https://t.co/r9XXjYIeSH",78
12:8:26,RT @munizpapamike: Voc√™ √© a favor da obrigatoriedade da vacina contra a Covid?,79
12:9:36,"#Destaque | O Amazonas j√° acumula mais de 151 mil casos da covid-19, conforme aponta o Boletim Di√°rio da Funda√ß√£o d‚Ä¶ https://t.co/SKnpRYd2PZ",80
12:9:37,Sociedade - Declara√ß√£o m√©dica substitui teste negativo √† Covid-19 em regresso √† escola ou emprego  https://t.co/uotwn7txHo,81
12:9:41,A Vacina contra o Covid-19 n√£o ser√° obrigat√≥ria no Brasil.  Esse √© o tweet.,82
12:9:55,Brasil registra primeiro caso confirmado de covid-19 em gato https://t.co/I4uhuOmZ1y #JornalDaRecord #JR24H https://t.co/rWCPIGIeQ8,83
12:9:55,A raz√£o do #ForaMaiaBotafogo #ForaAlcolumbre #N√ÉOVOTEMNODEM terem impedido de usar o MALDITO FUNDO ELEITORAL  para‚Ä¶ https://t.co/oxWcL1Pg30,84
12:10:0,"RT @brunnosarttori: Papai do c√©u, que o Bolsonaro pegue uns 30 anos de cadeia por torrar dinheiro p√∫blico, comprando insumos superfaturados‚Ä¶",85
12:10:3,"Dior, Prada e outros tit√£s da moda se rendem ao fetiche por estilo Covid https://t.co/ICTCavX2v0 https://t.co/BYtNU4C3Cb",86
12:10:6,COVID-19 | Como ser√£o as elei√ß√µes municipais? Confira as medidas de prote√ß√£o #tecnologia #ciencia #hardware #mobile‚Ä¶ https://t.co/CNQex4L0It,87
12:10:10,"Covid-19: mundo tem mais de 40 milh√µes de casos, aponta universidade americana   https://t.co/j3Jav1BXH0",88
12:10:26,Qual √© afinal a posi√ß√£o da OMS sobre o confinamento contra a covid-19? https://t.co/oUfByCu1Yz,89
12:10:31,Covid-19: Portugal ultrapassou hoje 100 mil casos desde o in√≠cio da pandemia https://t.co/0NuKMvnz78,90
12:10:33,Bolsonaro afirma que vacina contra covid-19 n√£o ser√° obrigat√≥ria https://t.co/VLSAQw4jxJ,91
12:10:34,"RT @oatila: Repare nas datas. √â ‚Äúposs√≠vel‚Äù show com adapta√ß√µes, atendendo exig√™ncias. N√£o quer dizer que √© seguro. Aglomera√ß√£o com pessoas‚Ä¶",92
12:10:35,"√â inacredit√°vel ver cenas como essa de Tail√¢ndia, no interior do Par√°, quando o n√∫mero de casos de covid-19 est√£o a‚Ä¶ https://t.co/todlOXqxBv",93
12:10:45,Tocantins se aproxima das 1.050 mortes pela Covid-19 e confirma mais 138 novos casos nesta segunda-feira (19) https://t.co/qgm5NlAz9i,94
12:10:56,RT @sbtnews: Gatinha de Cuiab√° √© primeiro pet a ser contaminado com coronav√≠rus no Brasil https://t.co/Ev9393Fxv7,95
12:11:11,"Melhoras ao prefeito gean loureiro!!! N√£o  concordo como ele travou tudo no come√ßo dessa porra de covid, mas foi o‚Ä¶ https://t.co/yGSKonZ0k4",96
12:11:18,"Ap√≥s Salvador atingir 100% dos leitos cl√≠nicos pedi√°tricos para Covid-19, ACM Neto garante: ‚ÄòN√£o teremos colapso‚Äô https://t.co/YUGvRqbM4D",97
12:11:31,RT @BelaMegale: Paulo Guedes foi o √∫nico a usar m√°scara no jantar organizado p/ reconcilia-lo com Rodrigo Maia. Ao menos dois ministros e u‚Ä¶,98
12:11:40,RT @SamPancher: Bolsonaro disse agora h√° pouco que o MS n√£o tornar√° a vacina contra a Covid-19 obrigat√≥ria. Afirmou tamb√©m que a Anvisa s√≥‚Ä¶,99
12:11:59,RT @brasil247: Primeiro gato infectado com Covid-19 no Brasil tem diagn√≥stico confirmado https://t.co/MyVzBZ89MO,100
12:12:3,"Acre mant√©m medidas restritivas contra o coronav√≠rus at√© o fim de outubro. At√© dia 30, estabelecimentos comerciais‚Ä¶ https://t.co/YB5k8tVZsR",101
12:12:9,"@FCCRATEUS num √©, rapaz, covid acabando at√© com relacionamento hshahaha",102
12:12:10,Portugal - Covid-19: Declara√ß√£o m√©dica substitui teste negativo em regresso √† escola ou emprego https://t.co/pOXZBnZiYn,103
12:12:37,Covid-19: Portugal j√° fez mais de tr√™s milh√µes de testes https://t.co/svmtxum20o,104
12:12:37,Covid-19. Pa√≠s de Gales anuncia confinamento total de duas semanas para diminuir propaga√ß√£o https://t.co/InM6JLmU0i,105
12:12:44,"RT @g_garc2: E a semana come√ßa com a esquerda e sua ""democracia"" sendo aplaudida por seus seguidores. Na Bol√≠via, o candidato do Evo ganha‚Ä¶",106
12:13:3,Novas normas da DGS: Pais temem que aulos regressem √†s escolas ainda infetados https://t.co/zqOMNETsYY,107
12:13:18,"RT @0_C0RV0: O Twitter removeu um tweet do principal consultor de coronav√≠rus da Casa Branca, Dr. Scott Atlas, por questionar a efic√°cia da‚Ä¶",108
12:13:20,Covid-19: Deputado do PSD Pedro Rodrigues apela a Rio que se demarque de app&gt;/i&gt; obrigat√≥ria https://t.co/7ztl0HiqIS,109
12:13:20,"RT @o_antagonista: O premi√™ belga, Alexander de Croo, disse que os n√∫meros da pandemia da Covid-19 no pa√≠s est√£o piores agora do que em mar‚Ä¶",110
12:13:31,Ai @sikerajr  isso aquiüëá foi ontem no RIo Grande Do Norte. Uma Multid√£o nas Ruas. o C√¢ndido IDOSO Sem M√°scara. Aqui‚Ä¶ https://t.co/SKJNr677tM,111
12:13:37,"Brasil se aproxima de 154 mil vidas perdidas pela Covid-19 e 5,2 milh√µes de¬†infectados https://t.co/5ZwTEllWQ4",112
12:13:41,"RT @BolsoTrumpRaiz: O PIB da China cresceu, enquanto no resto do mundo desabou. O meu grande medo √© da China ter gostado do produto Coronav‚Ä¶",113
12:13:59,"#AmemAoSTF O que @JairBolsonaro tem feito sistematicamente, √© dizer am√©m ao STF, s/ ao menos usar a AGU p/ recorrer‚Ä¶ https://t.co/MWoBKESVIt",114
12:14:1,"Risco de contaminar-se ao ar livre √© quase zero, mas cuidado deve continuar https://t.co/XNN7yk28tN via @UOL",115
12:14:3,Doentes ligeiros √† covid apenas precisam de declara√ß√£o m√©dica para regressar ao trabalho https://t.co/MlrzjDGeUi https://t.co/R7wL4hTeC5,116
12:14:9,"S√≥ um aviso  Como a maioria dos brasileiros, tratam as not√≠cias de coronav√≠rus como um assunto politico e vem aqui‚Ä¶ https://t.co/tWPYc6xJG9",117
12:14:11,RT @EleicoesEUA: üö® Joe Biden testou novamente negativo para COVID-19.,118
12:14:24,Bolsonaro reafirma que vacina da Covid n√£o ser√° obrigat√≥ria.  https://t.co/5qwwxCs8AX,119
12:14:24,"Bolsonaro volta a atacar Doria por vacina: ""se intitula m√©dico do Brasil"" https://t.co/FbMUudcz14 Melhor, n√≥s tomam‚Ä¶ https://t.co/nvopp3JB8M",120
12:14:33,*A Vacina √© Republicana*  https://t.co/pkftdxllr8,121
12:14:39,Para√≠ba segue na faixa vermelha com √≠ndice de 27% de mortes causadas pela Covid-19 https://t.co/ITSWL6zj5F,122
12:14:42,"RT @BelaMegale: Mais dois ministros do TCU testam positivo para Covid-19 ap√≥s jantar de reconcilia√ß√£o entre Maia e Paulo Guedes. Com eles,‚Ä¶",123
12:14:42,M√©dico que contraiu Covid-19 trabalhando se recupera ap√≥s 38 dias https://t.co/uORrGLSTLg,124
12:14:52,indo pro trabalho de moto taxi e rindo na cara do covid,125
12:15:2,"RT @BobjeffHD: S√£o Paulo, por seu ditador, c√∫mplice dos comunistas chineses, est√° investindo desde agosto do ano passado (?) milh√µes na vac‚Ä¶",126
12:15:37,"Morre, manada, morre!",127
12:15:41,E n√£o √© que tamb√©m fazemos m√°gica? Depois que o jornal A Regi√£o denunciou a queda suspeita de casos de covid em Ita‚Ä¶ https://t.co/kiLjPwHs88,128
12:15:49,"O Brasil √© o 2¬∫ pa√≠s do mundo com mais mortes por coronav√≠rus em n√∫meros absolutos, atr√°s apenas dos EUA. Resultado‚Ä¶ https://t.co/pY5PXAuetU",129
12:15:51,"Covid-19: Bruxelas lan√ßa plataforma de app de rastreio, Portugal pode aderir em novembro https://t.co/vnP0rpkec9 https://t.co/yA5oN1x25o",130
12:16:27,Barra do Pira√≠ est√° com 1162 casos confirmados por Covid-19 #DiariodoVale #BarradoPirai #COVID19,131
12:16:31,S√≥ eu acho que os estados e prefeituras e hospitais particulares n√£o deviam abrir mais vagas para pacientes de covi‚Ä¶ https://t.co/6qP5FvAYUw,132
12:16:32,"Covid-19: vacina chinesa √© segura e eficaz, indica teste¬†preliminar https://t.co/juTA23jj8a",133
12:16:32,"RT @JornalBSM: O presidente declarou seu posicionamento sobre a vacina√ß√£o contra o novo coronav√≠rus, ap√≥s o governador de S√£o Paulo, Jo√£o D‚Ä¶",134
12:16:42,"RT @g_garc2: E a semana come√ßa com a esquerda e sua ""democracia"" sendo aplaudida por seus seguidores. Na Bol√≠via, o candidato do Evo ganha‚Ä¶",135
12:16:53,"S√≥ um aviso  Como a maioria dos brasileiros, tratam as not√≠cias de coronav√≠rus como um assunto politico e vem aqui‚Ä¶ https://t.co/hCdrmenaDZ",136
12:16:54,"Para Horton, o termo sindemia seria mais adequado, uma vez que o v√≠rus n√£o atua sozinho, mas combinado com outras d‚Ä¶ https://t.co/z02124Tv3N",137
12:16:55,Doentes ligeiros √† covid apenas precisam de declara√ß√£o m√©dica para regressar ao trabalho https://t.co/ZldKvxfl2I https://t.co/CUwc04qP3d,138
12:16:59,Campo Grande passa dos 34 mil infectados pelo coronav√≠rus; j√° s√£o 642 √≥bitos  https://t.co/kc85fQ5jRa,139
12:17:10,Eslov√™nia imp√µe toque de recolher contra segunda onda de coronav√≠rus   https://t.co/fynRmnxGDI https://t.co/9IBdQtlATI,140
12:17:10,"S√≥ um aviso  Como a maioria dos brasileiros, tratam as not√≠cias de coronav√≠rus como um assunto politico e vem aqui‚Ä¶ https://t.co/1qpBO5dQfE",141
12:17:11,"RT @cirogomes: O Brasil √© o 2¬∫ pa√≠s do mundo com mais mortes por coronav√≠rus em n√∫meros absolutos, atr√°s apenas dos EUA. Resultado da forma‚Ä¶",142
12:17:11,"RT @cirogomes: O Brasil √© o 2¬∫ pa√≠s do mundo com mais mortes por coronav√≠rus em n√∫meros absolutos, atr√°s apenas dos EUA. Resultado da forma‚Ä¶",143
12:17:19,Barra do Pira√≠ est√° com 1162 casos confirmados por Covid-19 #DiariodoVale #BarradoPirai #COVID19,144
12:17:21,RT @majorfabianadep: O nosso Presidente @jairbolsonaro reafirmou hoje pela manh√£ que a vacina contra o CoronaVirus n√£o ser√° obrigat√≥ria. ht‚Ä¶,145
12:17:23,"RT @g_garc2: E a semana come√ßa com a esquerda e sua ""democracia"" sendo aplaudida por seus seguidores. Na Bol√≠via, o candidato do Evo ganha‚Ä¶",146
12:17:25,"#Elei√ß√µes2020 Por causa do #coronav√≠rus, teremos uma elei√ß√£o com menos ruas e mais redes sociais. Entenda esse proc‚Ä¶ https://t.co/vzHlFS3rtW",147
12:17:32,Not√≠cias &amp; Atualiza√ß√µes do #Coronavirus - Perdeu algo? Ou√ßa o #Podcast https://t.co/7r3GgC0boT,148
12:17:39,China detecta amostra viva do coronav√≠rus em embalagens de bacalhau congelado.  https://t.co/SJqnSE6nOC https://t.co/TmzT2C4K5j,149
12:17:50,Salvador: Leitos cl√≠nicos pedi√°tricos para Covid-19 est√£o 100% ocupados https://t.co/VaB0Zr4BDC #COVID19,150
12:17:52,"RT @rafamfilho: Bolsonaro volta a atacar Doria por vacina: ""se intitula m√©dico do Brasil"" https://t.co/FbMUudcz14 Melhor, n√≥s tomamos e o g‚Ä¶",151
12:18:6,Informa√ß√£o foi dada durante um webin√°rio realizado h√° pouco. ‚†Ä Mais informa√ß√µes na tela do BandNews. ‚†Ä #Vacina‚Ä¶ https://t.co/EeCjidCDU7,152
12:18:28,"Infectado com Covid-19, deputado Roberto Carlos √© internado em UTI https://t.co/YVhumcRKXm",153
12:18:33,"RT @MarinezSasso: Depois das elei√ß√µes, algu√©m tem d√∫vidas de que ir√£o falar da segunda onda de covid?",154
12:18:34,"Covid-19: C√°ritas j√° ajudou mais de 29 mil pessoas, em apenas seis meses https://t.co/GEakVwYccy",155
12:18:35,"Covid-19: C√°ritas j√° ajudou mais de 29 mil pessoas, em apenas seis meses https://t.co/yrfMN5WGFX",156
12:18:44,"Covid-19: Bruxelas lan√ßa plataforma de app de rastreio, Portugal pode aderir em novembro https://t.co/dMmhVwK0wi",157
12:18:59,Mundo chega a mais de 40 milh√µes de contamina√ß√µes por Covid-19 - https://t.co/SEh9tPQYDX https://t.co/hp8WxfhKBL,158
12:19:3,"RT @g1: Mundo ultrapassa 40 milh√µes de casos de Covid e tem 1,1 milh√£o de mortos https://t.co/cLncdBtTav #G1 https://t.co/WKOMYwddTc",159
12:19:6,"RT @GFiuza_Oficial: O que esses burocratas de Genebra fazem hoje em dia al√©m de prever o passado, especular com o futuro e sancionar medida‚Ä¶",160
12:19:20,B√©lgica diz que Covid-19 est√° pior agora do que quando pa√≠s decretou 'lockdown' https://t.co/1b3NsYRcAZ,161
12:19:22,Brasil fez menos de 18 milh√µes de testes e menos de 10% da popula√ß√£o Portugal j√° fez mais de tr√™s milh√µes  desde o‚Ä¶ https://t.co/bNGr7TVfYp,162
12:19:30,"RT @ThiagoResiste: PIB da China cresceu quase 5%. Tenta comprar 1 passagem pra China, antes de embarcar vc √© obrigado a fazer 2 testes de c‚Ä¶",163
12:19:35,Atualiza√ß√£o das a√ß√µes do Governo do RN no combate ao Covid-19 https://t.co/ydFFgSu866,164
12:19:39,RT @JoaoeFerraz: QUEM poderia imaginar que o uso indiscriminado de antibi√≥ticos nos kits covid poderiam se tornar uma preocupa√ß√£o por eleva‚Ä¶,165
12:20:2,O primeiro animal de estima√ß√£o a testar positivo para o #coronav√≠rus no Brasil foi descoberto no Mato Grosso. √â uma‚Ä¶ https://t.co/ulEDo8YUtm,166
12:20:22,It√°lia refor√ßa medidas para conter aumento de casos de covid-19. Boca de urna indica vit√≥ria da oposi√ß√£o na Bol√≠via‚Ä¶ https://t.co/xcW3dSAEmG,167
12:20:23,"RT @BobjeffHD: S√£o Paulo, por seu ditador, c√∫mplice dos comunistas chineses, est√° investindo desde agosto do ano passado (?) milh√µes na vac‚Ä¶",168
12:20:38,RT @JoaoeFerraz: QUEM poderia imaginar que o uso indiscriminado de antibi√≥ticos nos kits covid poderiam se tornar uma preocupa√ß√£o por eleva‚Ä¶,169
12:20:39,@o_antagonista O direito de ir correndo para o Piau√≠ de onde nunca deveria ter sa√≠do.. estado com o maior n√∫mero de covid,170
12:20:44,RT @munizpapamike: Voc√™ √© a favor da obrigatoriedade da vacina contra a Covid?,171
12:21:11,"RT @MarinezSasso: Depois das elei√ß√µes, algu√©m tem d√∫vidas de que ir√£o falar da segunda onda de covid?",172
12:21:37,RT @viniciussexto: E-mails do filho de Joe Biden expostos  pela Fox mostram que ele abriu a Casa Branca para empresas chinesas em troca con‚Ä¶,173
12:21:51,It√°lia refor√ßa medidas para conter aumento de casos de covid-19. Boca de urna indica vit√≥ria da oposi√ß√£o na Bol√≠via‚Ä¶ https://t.co/m9pdTb1lpz,174
12:22:26,Barra do Pira√≠ est√° com 1162 casos confirmados por Covid-19 #DiariodoVale #BarradoPirai #COVID19,175
12:22:29,Declara√ß√£o m√©dica substitui teste negativo √† Covid-19 para regresso √† escola ou emprego https://t.co/uvSGe9YXBx Em‚Ä¶ https://t.co/GAEgosXygo,176
12:22:33,Covid-19. Est√°dio nacional da Pol√≥nia vai ser transformado em hospital https://t.co/NrWFHUQhEp https://t.co/2sftAyUfoH,177
12:22:50,"Desgoverno trabalhando contra voc√™!  Bolsonaro volta a atacar Doria por vacina: ""se intitula m√©dico do Brasil""‚Ä¶ https://t.co/H8K8r4tOGP",178
12:22:51,"RT @g1: Mundo ultrapassa 40 milh√µes de casos de Covid e tem 1,1 milh√£o de mortos https://t.co/cLncdBtTav #G1 https://t.co/WKOMYwddTc",179
12:22:59,"Risco de contaminar-se ao ar livre √© quase zero, mas cuidado deve continuar https://t.co/4H5IwLZdJz via @UOL",180
12:23:4,Covid-19: Empresas com perdas de 25% podem reduzir hor√°rio de trabalho at√© 33% - https://t.co/3JElHNOZQs https://t.co/fbU6pHNDNH,181
12:23:17,Barra do Pira√≠ est√° com 1162 casos confirmados por Covid-19 #DiariodoVale #BarradoPirai #COVID19 https://t.co/tRhcJhXKwM,182
12:23:17,Governo atualiza dados sobre covid-19 no Estado; acompanhe ao vivo https://t.co/YBSWbV7nyi,183
12:23:27,Come√ßamos nesta segunda-feira a 2¬™ etapa do Inqu√©rito Sorol√≥gico sobre o coronav√≠rus no Maranh√£o. O trabalho em cam‚Ä¶ https://t.co/0omTUaJt6x,184
12:23:33,"Com mais 101 casos da Covid-19 e tr√™s mortes, Pernambuco totaliza 156.130 infectados e 8.490 √≥bitos =&gt;‚Ä¶ https://t.co/oZK7ZbRKJR",185
12:23:35,"Segundo Dimas Covas, a efic√°cia do imunizante contra a Covid-19 deve ser comprovada at√© o final do ano, quando o In‚Ä¶ https://t.co/PRRPEINdKG",186
12:23:35,"O sambista deu entrada na UTI do hospital no dia 13 de outubro com ""quadro de pneumonia viral Covid-19"" e ainda n√£o‚Ä¶ https://t.co/9yGU8VJM8Y",187
12:23:42,Covid-19. Est√°dio nacional da Pol√≥nia vai ser transformado em hospital https://t.co/UuKprZSlxW,188
12:23:47,N√∫mero de casos de Covid-19 no mundo passa marca de 40 milh√µes. Acesse o site da Facebrasil pelo‚Ä¶ https://t.co/3KV1rp3LMh,189
12:23:55,RT @FabioTalhari: Bom dia a todos! Estou impressionado com a dilig√™ncia do governador D√≥ria como representante comercial da vacina chinesa.‚Ä¶,190
12:24:11,N√£o ser√° obrigat√≥ria e ponto final diz Prejumento Bolsonaro sobre vacina a covid-19 @congemfoco https://t.co/vwdviY7NKq,191
12:25:6,Brasil investiga pelo menos 247 casos de poss√≠veis reinfec√ß√µes por Covid-19 https://t.co/gYnPegHp4U,192
12:25:9,"RT @jornal_cultura: Segundo Dimas Covas, a efic√°cia do imunizante contra a Covid-19 deve ser comprovada at√© o final do ano, quando o Instit‚Ä¶",193
12:25:16,"Mais de 50% dos pacientes da COVID-19 podem ter sintomas meses depois de recupera√ß√£o, diz estudo:‚Ä¶ https://t.co/TU0xlCA4u6",194
12:25:22,"Na Venezuela, a epidemia √© levada a s√©rio",195
12:25:27,"Bolsonaro reafirma que a vacina covid-19 n√£o √© obrigat√≥ria ! Leia no Congresso em foco: ""N√£o ser√° obrigat√≥ria e pon‚Ä¶ https://t.co/Wz3i8RDSgE",196
12:25:28,Militares ga√∫chos embarcam para Roraima em miss√£o de combate √† Covid-19 - https://t.co/7T9A54kC0k https://t.co/rQnTuT3l7M,197
12:25:30,Vacina chinesa contra o coronav√≠rus tem 'melhor perfil de seguran√ßa' e efic√°cia deve ser comprovada at√© o final do‚Ä¶ https://t.co/HkfRd9BzN1,198
12:25:37,Covid-19: Fronteiras entre EUA e Canad√° permanecem fechadas at√© 21 de novembro - https://t.co/HzRyrQNfXh https://t.co/6SFNBe80K7,199
12:25:43,Bolsonaro diz que vacina contra covid-19 n√£o ser√° obrigat√≥ria no Brasil https://t.co/NwM0gKYQwl #gp1 https://t.co/w8g7LNIsMT,200
12:25:55,"RT @opiniaoredetv: M√©dico Alessandro Loiola (@AlessandroLoio2) critica ""vacina chinesa"" contra Covid-19: ""Nos vendem o problema e, depois,‚Ä¶",201
12:25:59,"RT @jornal_cultura: Segundo Dimas Covas, a efic√°cia do imunizante contra a Covid-19 deve ser comprovada at√© o final do ano, quando o Instit‚Ä¶",202
12:26:7,Primeiro gato infectado com Covid-19 no Brasil tem diagn√≥stico confirmado https://t.co/zLGYXCRR63,203
12:26:17,"RT @cirogomes: O Brasil √© o 2¬∫ pa√≠s do mundo com mais mortes por coronav√≠rus em n√∫meros absolutos, atr√°s apenas dos EUA. Resultado da forma‚Ä¶",204
12:26:20,Covid-19 em Portugal. N√£o se sabe onde 41% das pessoas foram infetadas https://t.co/S6kXpbgRWD https://t.co/13wagx0x1I,205
12:26:28,Mais de 19 mil pessoas dever√£o ser testadas para o novo Coronav√≠rus na Liberdade e regi√£o a partir desta quarta-fei‚Ä¶ https://t.co/uvazsWXZNZ,206
12:26:38,"RT @ballaoficial: A Argentina lidera com o maior n√∫mero de mortes por COVID-19 mundial, e sabemos as causas. Neglig√™ncia do governo, lockdo‚Ä¶",207
12:27:14,Homem de 53 anos morre v√≠tima da Covid no Hospital Regional de Sinop-MT e √© transladado para¬†Lucas https://t.co/T3IAiBUKfg,208
12:27:19,#Coronav√≠rus: mundo chega a mais de 40 milh√µes de contamina√ß√µes por Covid-19. De acordo com Universidade Johns Hopk‚Ä¶ https://t.co/nExpnSQKLF,209
12:27:24,"Presidente Jair Bolsonaro volta a dizer que vacina de Covid-19 n√£o ser√° obrigat√≥ria. ""A lei √© bem clara e quem defi‚Ä¶ https://t.co/wesXNjdHic",210
12:27:43,Acompanhe a reuni√£o da Comiss√£o Mista Covid-19. Vamos debater as estrat√©gias de vacina√ß√£o propostas pelo Minist√©rio‚Ä¶ https://t.co/PFeAgFgXFx,211
12:27:55,Leandro Cruz est√° internado com Covid-19... https://t.co/ymU5NsW9HF,212
12:27:58,"O homem fala que  am√£e de 78 anos n√£o pega covid, apesar de ter perdido duas tias pro covid. √© um homicida em poten‚Ä¶ https://t.co/tvjLV7XS2r",213
12:28:13,Bolsonaro rebate Doria e diz que vacina contra a Covid-19 n√£o ser√° obrigat√≥ria; ‚Äúse intitulando m√©dico do¬†Brasil‚Äù https://t.co/czhqQ2FoJg,214
12:28:17,"KKKKK! Impor rodizio criminoso que proporcionou dezenas de milhares de cont√°gio, fechar com√©rcio que gerou centenas‚Ä¶ https://t.co/hxzWO8XIka",215
12:28:20,RT @ZazaS_: Bolsonaro diz que vacina contra covid-19 n√£o ser√° obrigat√≥ria no Brasil https://t.co/NwM0gKYQwl #gp1 https://t.co/w8g7LNIsMT,216
12:28:25,Magia do Natal de Garanhuns 2020 tem programa√ß√£o reduzida devido √† pandemia do Coronav√≠rus https://t.co/qvTBesKV8c‚Ä¶ https://t.co/W8ehlrhzfg,217
12:28:26,RT @IvanValente: O delinquente q ocupa a presid√™ncia declarou q ‚Äúa vacina√ß√£o de COVID √± ser√° obrigat√≥ria e ponto final‚Äù.Alem de atender a t‚Ä¶,218
12:28:57,"Noruega descobre in√©dita estirpe de coronav√≠rus mais ""inteligente"" https://t.co/Mz9gbnKDKF",219
12:29:12,Covid-19: Declara√ß√£o m√©dica substitui teste negativo em regresso √† escola ou emprego https://t.co/kkSZvXktoR https://t.co/qNR6NHQrSO,220
12:29:14,TO chega a 72.724 casos de Covid-19; quatro novas mortes foram registradas. https://t.co/bBsAqfR4nb https://t.co/Tu0H5e8c5G,221
12:29:14,"MS registra queda na m√©dia m√≥vel de √≥bitos por Covid-19, mas popula√ß√£o ainda precisa ficar atenta https://t.co/GSzK73QH0K",222
12:29:21,RT @planalto: #AoVivo: Presidente @jairbolsonaro participa da abertura do U.S.-Brazil Connect Summit. O encontro promove o engajamento e a‚Ä¶,223
12:29:25,Covid-19. Secund√°ria de Amarante com 10 casos positivos e duas turmas em quarentena https://t.co/Qp45jJmerx,224
12:29:31,@claudioedantas O cara enfia dinheiro roubado da covid no kooll e depois se diz perseguido.  Pela defesa que a cana‚Ä¶ https://t.co/VFxEM2uijS,225
12:29:31,Covid-19: Roraima registra apenas 45 novos casos e nenhum √≥bito neste domingo https://t.co/IvLh4d241y,226
12:29:47,"RT @aurora__9: Como a PF demora para investigar o COVID√ÉO em SP, hein?",227
12:29:47,@BolsonaroSP @jairbolsonaro Cristofobia √© cultuar fan√°ticos como um lider de torcida contrariando o q Cristo prega‚Ä¶ https://t.co/fQl5OeFB3h,228
12:29:53,Portugal j√° fez mais de tr√™s milh√µes de testes √† covid-19 https://t.co/Mkyk7vLXVp,229
12:30:8,"RT @g1parana: Idosos com voto facultativo representam 8% do eleitorado no Paran√°, e medo da Covid-19 pode tir√°-los da vota√ß√£o  #G1 #G1PR ht‚Ä¶",230
12:30:11,"RT @CorporacaoPato: 154.000 mortos por Covid-19, hoje",231
12:30:18,Gato √© diagnosticad com coronav√≠rus no Brasil,232
12:30:19,RT @JoaoeFerraz: QUEM poderia imaginar que o uso indiscriminado de antibi√≥ticos nos kits covid poderiam se tornar uma preocupa√ß√£o por eleva‚Ä¶,233
12:30:23,"Estado chega a 72,7 mil casos de coronav√≠rus e registra quatro novas mortes https://t.co/190tL9Wech #G1TO https://t.co/AwRfJ0TyhP",234
12:30:24,RT @dntwit: Portugal j√° fez mais de tr√™s milh√µes de testes √† covid-19 desde o in√≠cio da pandemia https://t.co/D09GHz1nKs,235
12:30:28,O cara enfia dinheiro roubado da covid no kooll e depois se diz perseguido.  Pela defesa que a canalhada do Senado‚Ä¶ https://t.co/WOaciA9omU,236
12:30:31,Covid-19: Correios reintegrar√£o trabalhadora dispensada ap√≥s ter home office negado.  https://t.co/kMxR9NdUTe,237
12:30:45,RT @munizpapamike: Voc√™ √© a favor da obrigatoriedade da vacina contra a Covid?,238
12:30:48,Sou contra a obrigatoriedade da vacina de covid 19 anunciada h√° 6 meses e ponto. Quem √© a favor que apoie o Jo√£o D√≥lar.,239
12:30:52,Covid-19: UE registou 168 mil mortes suplementares entre mar√ßo e¬†junho https://t.co/qDHNFUoD3x,240
12:30:56,"A prefeitura de #Salvador alertou nesta segunda-feira (19), sobre a possibilidade de uma segunda onda do novo‚Ä¶ https://t.co/O7DnxlGJ0b",241
12:31:29,"S√≥ pode receitar cloroquina.üòä  Bolsonaro volta a atacar Doria por vacina: ""se intitula m√©dico do Brasil""‚Ä¶ https://t.co/rU2uhfvThx",242
12:32:1,Tocantins registra 138 novos casos de Covid-19 e quatro mortes pela doen√ßa nesta segunda https://t.co/QufSWYuyiQ,243
12:32:6,‚úàÔ∏èüò∑ Departamento de Defesa dos Estados Unidos confirma baixo risco de transmiss√£o de Covid-19 em avi√µes  https://t.co/Gu9nTJ3XSX,244
12:32:35,"RT @GreickAlencar: Nova Zel√¢ndia anuncia novo caso de Coronavirus um dia ap√≥s as elei√ß√µes. Voc√™ se sentir√° seguro para votar no dia 15/10,‚Ä¶",245
12:32:36,"Pacientes internados com covid-19 podem ter sintomas por meses, diz estudo https://t.co/rQmY719k2L via @UOL https://t.co/0KK8ZbkQqh",246
12:32:37,China acha amostra viva de coronav√≠rus em embalagens de bacalhau congelado https://t.co/4zpime2QFj via @EFEnoticias,247
12:32:45,"Boletim desta segunda confirma 32 casos e uma morte por covid em Foz do Igua√ßu. Tamb√©m nas √∫ltimas 24 horas, 40 mor‚Ä¶ https://t.co/2Bew4p7BJc",248
12:32:50,"Boletim desta segunda confirma 32 casos e uma morte por covid em Foz do Igua√ßu. Tamb√©m nas √∫ltimas 24 horas, 40 mor‚Ä¶ https://t.co/yFpRYWDOCH",249
12:33:23,"Pelo jeito esse ano n√£o consigo pagar meu simples, ficou bem complicado.   Terra: Projeto quer morat√≥ria para o Sim‚Ä¶ https://t.co/iZrPEtE2QY",250
12:33:29,"RT @opiniaoredetv: M√©dico Alessandro Loiola (@AlessandroLoio2) critica ""vacina chinesa"" contra Covid-19: ""Nos vendem o problema e, depois,‚Ä¶",251
12:33:29,"Bolsonaro sobre vacina contra covid-19: ‚Äòn√£o ser√° obrigat√≥ria, e ponto¬†final‚Äô https://t.co/EIeYTA8cr6",252
12:33:32,"Segunda onda da covid √© real em Floripa. Tive que ir ao Posto de Sa√∫de de Coqueiros. Segundo o pessoal,  dezenas de‚Ä¶ https://t.co/ZjjPRL4AFz",253
12:33:41,"RT @cialetras: ""Repetimos porque apagamos da mem√≥ria a gripe espanhola. Ela foi esquecida. N√£o aprendemos com ela. E s√≥ n√£o teremos outras‚Ä¶",254
12:33:54,mano do c√©u,255
12:33:54,MS registra queda na m√©dia m√≥vel de √≥bitos por Covid-19. https://t.co/9EN77o4u7s,256
12:34:6,"@oatila Realmente n√£o vive, afinal aqui nao morreram 1milhao de pessoas pelo COVID at√© agosto, certo ü§´ü§¶üèª‚Äç‚ôÇÔ∏èüëé",257
12:34:6,#Elei√ß√µes2020 A pandemia do coronav√≠rus fez com que muita coisa mudasse para as elei√ß√µes municipais deste ano. As p‚Ä¶ https://t.co/6vSVjv7h6Y,258
12:34:6,JORNAL DA @USPONLINE: Fuvest adotar√° medidas de preven√ß√£o contra a covid-19 na primeira e na segunda fase do vestib‚Ä¶ https://t.co/owiAke8CWD,259
12:34:7,Covid-19: Saiba tudo sobre as 10 vacinas mais avan√ßadas do mundo https://t.co/bd5HkgzR2y https://t.co/32QggI0GX1,260
12:34:10,"RT @AntonyJojohn: Ora, ou√ßam Bolsonaro, tomem cloroquina, q n√£o d√° nada, vejam nossa maravilhosa situa√ß√£o.",261
12:34:10,RT @tvbrasilgov: #AoVivo: Presidente @jairbolsonaro participa da abertura do U.S.-Brazil Connect Summit. O encontro promove o engajamento e‚Ä¶,262
12:34:16,#Coronavirus (N√ÉO compartilhe objetos pessoais) ~Ou√ßa Atualiza√ß√µes na Regi√£o NORTE~  https://t.co/vr5WoVcfKy,263
12:34:19,RT @BBerranteira: PQP AKAKAKKAKAKAKAKAKAKAKAJAKKAKAKAKAKAKAKAKAKAKKAKAKKAKAKAKAKA DESCOBRIU A AM√âRICA https://t.co/5p0aoCb53v,264
12:34:24,"Em meio √† pandemia de Covid-19, multid√£o se aglomera em show no Par√° https://t.co/tc1Ul47XcI",265
12:34:25,Escolas est√£o abertas nesta segunda-feira (19) para receber o termo de compromisso dos pais com as medidas de segur‚Ä¶ https://t.co/vbGjdUtMoU,266
12:34:28,RT @noticiaaominuto: Covid-19: Violou confinamento e apanhou autocarro em Lisboa. Foi detida https://t.co/mD4yK9D6ks #paisaominuto,267
12:34:30,"Em plena segunda onda, Europa ultrapassa 250.000 mortes por Covid-19  ‚ñ∂ https://t.co/hVtlbW9ptC https://t.co/OJQj00rUd6",268
12:34:31,"RT @sputnik_brasil: Noruega descobre in√©dita estirpe de coronav√≠rus mais ""inteligente"" https://t.co/Mz9gbnKDKF",269
12:34:35,"Bolsonaro diz que vacina contra covid ‚Äòn√£o ser√° obrigat√≥ria, e ponto¬†final‚Äô https://t.co/RZ6xK2s9aa",270
12:34:35,"@sputnik_brasil Ah, n√£o?! Vou acabar acreditando nas teorias conspirat√≥rias da ultradireita mundial de que o corona‚Ä¶ https://t.co/uwUPTYCAhg",271
12:34:39,RT @SamPancher: Bolsonaro disse agora h√° pouco que o MS n√£o tornar√° a vacina contra a Covid-19 obrigat√≥ria. Afirmou tamb√©m que a Anvisa s√≥‚Ä¶,272
12:34:42,Sociedade - Subiu para 10 o n√∫mero de infetados com Covid-19 no Agrupamento de Escolas de Mogadouro https://t.co/La1OWrV3XC,273
12:34:43,Sociedade - Minist√©rio da Educa√ß√£o quer manter escolas abertas apesar de aumento de casos de Covid-19 https://t.co/fSvnn7Ew0d,274
12:34:51,#PoderData | 46% dos brasileiros pegaram covid-19 ou conhecem algu√©m infectado.  https://t.co/Y9xB4aiA9D,275
12:34:53,"Ah, n√£o?! Vou acabar acreditando nas teorias conspirat√≥rias da ultradireita mundial de que o coronav√≠rus √© um ente‚Ä¶ https://t.co/iR1mLfRifI",276
12:34:54,"@radioitatiaia Ser√° que todos j√° pegaram covid-19, tudo sem m√°scara e colados... que beleza!",277
12:34:59,A @SeducPI informou ainda que cerca de 200 escolas - das 400 que ofertam o 3¬∫ ano do Ensino M√©dio -  v√£o apresentar‚Ä¶ https://t.co/NJgKGMSN7Y,278
12:35:6,Campeonato de carrinhos de rolamentos regressa a Marv√£o https://t.co/40OxMX6ciY,279
12:35:7,"RT @BobjeffHD: S√£o Paulo, por seu ditador, c√∫mplice dos comunistas chineses, est√° investindo desde agosto do ano passado (?) milh√µes na vac‚Ä¶",280
12:35:17,RT @DiarioPE: Pernambuco registra 101 novos casos de Covid-19 nesta segunda https://t.co/b5eUDFcnE0 https://t.co/pDK02PkmW0,281
12:35:30,RN N√ÉO REGISTRA √ìBITO POR COVID NAS √öLTIMAS 24 HORAS https://t.co/bWtmEp0j2Z,282
12:35:33,O presidente Jair Bolsonaro voltou a falar sobre as vacinas contra a covid-19 no Brasil ap√≥s as falas do governador‚Ä¶ https://t.co/NLop354kIA,283
12:35:39,"RT @MiguelNicolelis: O Brasil precisa se preparar j√° para a 2nda onda da COVID-19. √â preciso organizar-se a n√≠vel nacional: formar, treinar‚Ä¶",284
12:35:43,RN n√£o registra √≥bito por covid nas √∫ltimas 24 horas; casos confirmados somam 78.548 e mortes 2.552‚Ä¶ https://t.co/4KdIJ4YRZQ,285
12:35:47,Militares ga√∫chos embarcam para Roraima em miss√£o de combate √† Covid-19   https://t.co/v0jG1JeFeN https://t.co/xYtV8pi9lp,286
12:35:55,MANDA PRO RJ LOGO POR FAVOR QUE N√ÉO AGUENTO MAIS,287
12:36:19,@Crys_leforte @LolloTV_ Covid fazendo mudan√ßas kkkk,288
12:36:29,"Vacina contra Covid-19 ‚Äún√£o ser√° obrigat√≥ria e ponto final‚Äù, diz Bolsonaro https://t.co/02hDPEvFqw https://t.co/ZjY0xQ0Mz8",289
12:36:30,"A pandemia do novo coronav√≠rus n√£o acabou. Assim como o caos nosso de todo dia, provocado de maneira sistem√°tica pe‚Ä¶ https://t.co/X2wTpOseCX",290
12:36:39,Centogene recebe autoriza√ß√£o da FDA para novo teste de¬†covid-19 https://t.co/8gdZLg0Tdq,291
12:36:46,O sem√°foro da Covid-19 para se poder viajar pela Europa - maior parte do territ√≥rio no vermelho https://t.co/mL84Oq8tJz,292
12:36:48,Portugal j√° fez mais de tr√™s milh√µes de testes √† Covid-19 https://t.co/pBuCC9aJ11 Em https://t.co/MDmhqgtnSp https://t.co/TCWXN3YLkP,293
12:36:48,"N√£o ser√° obrigat√≥ria e ponto final, afirma Bolsonaro sobre vacina contra a Covid-19 https://t.co/O83T5cpCGx https://t.co/2I6sEZh1Zv",294
12:36:56,"RT @elcivanni: Os ministros do STF devem ser provocados pelo Aras, @MPF_PGR @WRosarioCGU @policiafederal sobre o contrato de D√≥ria com o Pa‚Ä¶",295
12:37:5,Coronav√≠rus: Supermercado Guanabara cancela promo√ß√£o de¬†anivers√°rio https://t.co/6D598cupEF,296
12:37:6,"RT @MarcosPaliari: @oatila Estou confinado desde o in√≠cio n√£o saio pra nada, trabalho home office e hoje fui positivado para o COVID  Realm‚Ä¶",297
12:37:22,Covid-19: governo adverte que a B√©lgica est√° √† beira de ‚Äútsunami‚Äù com aumento galopante de casos https://t.co/Yx7Hy9unSD,298
12:37:22,RT @bbcbrasil: Lave bem as m√£os...(E n√£o estou falando aqui do coronav√≠rus ü§≠)  https://t.co/vDERgDG4Az,299
12:37:35,"RT @Supervisora: Vacina chinesa contra o coronav√≠rus tem 'melhor perfil de seguran√ßa' e efic√°cia deve ser comprovada at√© o final do ano, di‚Ä¶",300
12:37:36,Vacina√ß√£o contra o novo coronav√≠rus dever√° ser obrigat√≥ria em todo o territ√≥rio paulista.  üëâ Saiba mais:‚Ä¶ https://t.co/rbFjzEEuTT,301
12:37:37,Covid-19: ‚ÄúTodos percebem o que representa o confinamento. Ningu√©m quer essa situa√ß√£o‚Äú https://t.co/3p5HTrVf1y,302
12:37:37,Covid-19: Minist√©rio da Educa√ß√£o quer manter escolas abertas - https://t.co/e0uLNngnNK https://t.co/58G3pVQkvR,303
12:37:38,Covid-19: ‚ÄúTodos percebem o que representa o confinamento. Ningu√©m quer essa situa√ß√£o‚Äú https://t.co/Ipk9L9trih,304
12:37:40,V√çDEO: Ind√≠gena morre v√≠tima da Covid-19 no Amazonas; veja destaques do BDA https://t.co/27J0obJYMR,305
12:37:44,Covid-19: novo surto em lar de idosos de Beja com 31 infetados https://t.co/l8u6kh2uk7,306
12:37:44,Covid-19: novo surto em lar de idosos de Beja com 31 infetados https://t.co/od3706Kchx,307
12:37:56,Gato com Covid √© o primeiro caso no Brasil /O Globo https://t.co/1TSdIjePfP,308
12:38:14,aqui em maria da gra√ßa t√° pique utopia nao tem coronavirus ninguem usa m√°scara n√£o tem trabalho nem estudo de casa‚Ä¶ https://t.co/7IbpOQu8ul,309
12:38:18,Nunca teremos uma segunda onda de covid se n√£o sairmos da primeira ü§∑üèª‚Äç‚ôÇÔ∏èü§∑üèª‚Äç‚ôÇÔ∏è  O brasileiro pensa √† frente do seu t‚Ä¶ https://t.co/VauUkFwqJP,310
12:38:24,RT @PATRlOTAS: Amo√™do defende vacina obrigat√≥ria para covid e isolamento para quem se opor. https://t.co/xOj3WTdIX1,311
12:38:24,"Eu quero parabenizar os profissionais da √°rea m√©dica (verdadeiros her√≥is e hero√≠nas), e aos que fazem a Secretaria‚Ä¶ https://t.co/P1kPVoJ6Hx",312
12:38:32,"""Cito Luiz Gonzaga: 'A esmola acaba viciando o cidad√£o'. Ent√£o, √© para terminar no dia 31 de dezembro"", disse Alexa‚Ä¶ https://t.co/v69DaPkPa2",313
12:38:33,Covid-19: Instituto EDP entrega kit em escolas p√∫blicas do pa√≠s https://t.co/nJeoV0fItl,314
12:38:39,RT @BelaMegale: Paulo Guedes foi o √∫nico a usar m√°scara no jantar organizado p/ reconcilia-lo com Rodrigo Maia. Ao menos dois ministros e u‚Ä¶,315
12:38:49,Costureira de 67 anos morre v√≠tima da covid em Foz do Igua√ßu. Causa da morte foi confirmada no boletim emitido nest‚Ä¶ https://t.co/i9iaTCDDEC,316
12:38:53,Costureira de 67 anos morre v√≠tima da covid em Foz do Igua√ßu. Causa da morte foi confirmada no boletim emitido nest‚Ä¶ https://t.co/3gWQ6ch1Ea,317
12:38:58,S√©rie de reportagens da Ag√™ncia P√∫blica denuncia o uso eleitoral da cloroquina e ivermectina contra a Covid-19. https://t.co/pal9GkGK7X,318
12:39:0,Covid-19: Minist√©rio da Educa√ß√£o quer manter escolas abertas https://t.co/mQgjX8fFx1,319
12:39:1,RT @viniciussexto: E-mails do filho de Joe Biden expostos  pela Fox mostram que ele abriu a Casa Branca para empresas chinesas em troca con‚Ä¶,320
12:39:1,Covid-19: Minist√©rio da Educa√ß√£o quer manter escolas abertas https://t.co/7AnmJ8l2Nl,321
12:39:9,@alcandenis @Crys_leforte @LolloTV_ Coronavirus mesmo,322
12:39:22,"RT @CrisBernart: Pronto. √â s√≥ estar forte espiritualmente, mesmo com 80 anos, n√£o pega covid. O mo√ßo que disse. E voc√™s a√≠ preocupados... h‚Ä¶",323
12:39:25,"RT @cirogomes: O Brasil √© o 2¬∫ pa√≠s do mundo com mais mortes por coronav√≠rus em n√∫meros absolutos, atr√°s apenas dos EUA. Resultado da forma‚Ä¶",324
12:39:43,RT @SamPancher: Bolsonaro disse agora h√° pouco que o MS n√£o tornar√° a vacina contra a Covid-19 obrigat√≥ria. Afirmou tamb√©m que a Anvisa s√≥‚Ä¶,325
12:39:43,RT @sputnik_brasil: Estudo comparador de tr√™s coronav√≠rus ajuda a determinar potenciais alvos de medicamentos e terapias https://t.co/lvUYp‚Ä¶,326
12:39:56,Pernambuco registra 45 dias de queda ou estabilidade na m√©dia m√≥vel de casos confirmados de coronav√≠rus‚Ä¶ https://t.co/cpE6rOqk1E,327
12:39:56,"Presidente @jairbolsonaro rebateu governador de S√£o Paulo, @jdoriajr, que anunciou obrigatoriedade no estado‚Ä¶ https://t.co/Gt7i790kgY",328
12:40:0,Pernambuco registra 45 dias de queda ou estabilidade na m√©dia m√≥vel de casos confirmados de coronav√≠rus‚Ä¶ https://t.co/mhQY7cUyEl,329
12:40:1,"ISSO A√ç JOHNNY BRAVO!!!... NINGU√âM DEVE SER OBRIGADO A TOMAR COISA NENHUMA, CADA QUAL ESCOLHA O QUE √â MELHOR PRA SI‚Ä¶ https://t.co/a2HS6WrvN0",330
12:40:3,"A @SeducPI deveria desistir dessas aulas presenciais. Evitaria colocar em risco a sa√∫de e vida dos  alunos, funcion‚Ä¶ https://t.co/vlrRzx4Br2",331
12:40:15,@Medicina_CFM Hip√≥critas desgra√ßados! A omiss√£o de voc√™s frente √†s campanhas de desinforma√ß√£o dos vagabundos desse‚Ä¶ https://t.co/FbRXvlUKVn,332
12:40:27,"""O tamanho da segunda vaga de Covid-19 est√° no nosso comportamento, est√° nas nossas m√£os"" https://t.co/cLGdZvWhWq",333
12:40:33,"RT @LairaGVieira: A segunda onda do Covid est√° chegando, aten√ß√£o ao mestre!",334
12:40:40,"RT @opiniaoredetv: M√©dico Alessandro Loiola (@AlessandroLoio2) critica ""vacina chinesa"" contra Covid-19: ""Nos vendem o problema e, depois,‚Ä¶",335
12:40:45,"@Claudia03268410 @JMarcelo1000 Eu tamb√©m quero ser imunizada contra o Coronavirus, mas n√£o com vachinas pouco confi√°veis, simples assim.",336
12:40:45,"RT @elcivanni: Os ministros do STF devem ser provocados pelo Aras, @MPF_PGR @WRosarioCGU @policiafederal sobre o contrato de D√≥ria com o Pa‚Ä¶",337
12:40:46,"RT @BleyLacerda: @edusilvafogo Para tanto, o senador do cu cheio de dinheiro sujo teve que desviar verba destinada ao combate √† Covid-19 em‚Ä¶",338
12:40:56,Coronav√≠rus: Pa√≠s de Gales aprova confinamento de duas semanas a partir de sexta-feira https://t.co/GyBDzZaHe6,339
12:41:7,"Ser√° que no dia da vacina do covid eles ir√£o dar pulseira personalizada em neon flamejante, tipo aquelas que ganha‚Ä¶ https://t.co/u8QFuyXFnY",340
12:41:9,RT @viniciussexto: E-mails do filho de Joe Biden expostos  pela Fox mostram que ele abriu a Casa Branca para empresas chinesas em troca con‚Ä¶,341
12:41:28,"RT @sputnik_brasil: Noruega descobre in√©dita estirpe de coronav√≠rus mais ""inteligente"" https://t.co/Mz9gbnKDKF",342
12:41:36,"Presidente afirmou que decis√£o √© do Poder Executivo e o ministro da Sa√∫de, Edurado Pazuello, j√° disse que a vacina‚Ä¶ https://t.co/3EpmUXaP9v",343
12:41:41,"RT @ThiagoResiste: PIB da China cresceu quase 5%. Tenta comprar 1 passagem pra China, antes de embarcar vc √© obrigado a fazer 2 testes de c‚Ä¶",344
12:41:44,"RT @dw_brasil: ""Parece que Deus se esqueceu de mim!"" Fatima Negrini, de 108 anos, sobreviveu √† gripe espanhola, a duas guerras mundiais e a‚Ä¶",345
12:41:53,Covid-19: Docentes do grupo de risco est√£o a regressar √†s escolas - ministro https://t.co/wswsp4DPwa,346
12:42:4,Covid-19 na B√©lgica. Ministro da Sa√∫de alerta para ‚Äútsunami‚Äú de casos e internamentos https://t.co/86d1VwCoqh,347
12:42:7,Cantor foi internado no √∫ltimo dia 13 com diagn√≥stico de covid-19.  #ODia  https://t.co/fjHDSeAmmM,348
12:42:8,Casos ativos de coronav√≠rus dobram em Blumenau em tr√™s semanas e situa√ß√£o volta a preocupar https://t.co/ZlKask3GNj,349
12:42:49,O gado dever√° seguir a regra.   Bolsonaro reafirma que a vacina contra covid-19 n√£o ser√° obrigat√≥ria ¬¥¬¥e ponto fina‚Ä¶ https://t.co/8be36vK1ZQ,350
12:42:55,O üáßüá∑ √© mesmo diferente. Nenhum pa√≠s do mundo registro COVID-19 em gato ou cachorro. üòÇüòÇ,351
12:43:3,"RT @ThiagoResiste: PIB da China cresceu quase 5%. Tenta comprar 1 passagem pra China, antes de embarcar vc √© obrigado a fazer 2 testes de c‚Ä¶",352
12:43:7,"RT @MiguelNicolelis: O Brasil precisa se preparar j√° para a 2nda onda da COVID-19. √â preciso organizar-se a n√≠vel nacional: formar, treinar‚Ä¶",353
12:43:12,"RT @MichelePradoBa: E com esse papo rid√≠culo e sem no√ß√£o do que √© Liberdade, j√° morreram mais de 150 mil pessoas no Brasil, deputado.   Tom‚Ä¶",354
12:43:12,"Nova onda de coronav√≠rus em Salvador ‚Äòpode ser avassaladora‚Äô, diz Leo Prates https://t.co/4ZuUzlIJJh",355
12:43:13,Quem Diria N√£o √â Mesmo,356
12:43:18,Vacina chinesa contra o coronav√≠rus deve come√ßar a ser produzida ainda neste m√™s: 'Melhor perfil de seguran√ßa' https://t.co/lgSYm3w3Tc,357
12:43:26,"@IsaiasAlbus  Menos de 2 anos de governo Bolsonaro, e corrup√ß√£o rola como nunca visto no pa√≠s 1 transfer√™ncia de 7,‚Ä¶ https://t.co/W7UkOexGRm",358
12:43:27,Sociedade - Tr√™s funcion√°rias infetadas com Covid-19 em escola de Famalic√£o deixam 90 alunos em casa https://t.co/JQnzIgeO6u,359
12:43:40,Pa√≠s de Gales determina confinamento obrigat√≥rio de 17 dias contra a pandemia da COVID-19 - https://t.co/GovmaQqUQO‚Ä¶ https://t.co/C1AoZwzN1w,360
12:43:49,MS registra queda na m√©dia m√≥vel de √≥bitos por covid-19 - Di√°rio Corumbaense https://t.co/RnH5OJfXjf,361
12:43:54,"A Assembleia ga√∫cha aprovou o projeto da nossa bancada estadual, formada por @fabioostermann e @giusepperiesgo, que‚Ä¶ https://t.co/9bqP9KSb4A",362
12:43:54,"O projeto estabelece a Pol√≠tica de Transpar√™ncia nas A√ß√µes de Combate ao Coronav√≠rus no Rio Grande do Sul, para que‚Ä¶ https://t.co/iWwL1d4Ma2",363
12:44:2,@emocoredoll vc deve te descoberto a vacina do covid,364
12:44:9,RT @munizpapamike: Voc√™ √© a favor da obrigatoriedade da vacina contra a Covid?,365
12:44:27,"Coronav√≠rus: Concelhos de Lisboa, Sintra e Pa√ßos de Ferreira com maior n√∫mero de novos casos de covid-19 na √∫ltima‚Ä¶ https://t.co/vNr0IjlJOd",366
12:44:27,"Coronav√≠rus: Concelhos de Lisboa, Sintra e Pa√ßos de Ferreira com maior n√∫mero de novos casos de covid-19 na √∫ltima‚Ä¶ https://t.co/sHa8BJt0OU",367
12:44:27,Brasil registra primeiro caso confirmado de coronav√≠rus em gato - https://t.co/ys2F0lAx9O https://t.co/JyvQ7YHjPy,368
12:44:33,"RT @CrisBernart: Pronto. √â s√≥ estar forte espiritualmente, mesmo com 80 anos, n√£o pega covid. O mo√ßo que disse. E voc√™s a√≠ preocupados... h‚Ä¶",369
12:44:51,"Na Bahia, nas √∫ltimas 24 horas, foram registrados 654 casos de Covid-19 (taxa de crescimento de +0,2%) e 829 curado‚Ä¶ https://t.co/0Tn5CSrSCZ",370
12:45:5,"RT @ThiagoResiste: PIB da China cresceu quase 5%. Tenta comprar 1 passagem pra China, antes de embarcar vc √© obrigado a fazer 2 testes de c‚Ä¶",371
12:45:6,E a√≠ Quem quer tomar e acha que tem que ser obrigat√≥ria s√£o os bolsoDoria SP capital n√£o aceitar√° obrigatoriedade.,372
12:45:8,RT @JornalOGlobo: Mundo ultrapassa 40 milh√µes de casos de Covid-19 https://t.co/q168vFXVRd,373
12:45:19,"RT @Publico: Coronav√≠rus: Concelhos de Lisboa, Sintra e Pa√ßos de Ferreira com maior n√∫mero de novos casos de covid-19 na √∫ltima semana http‚Ä¶",374
12:45:25,RT @2022Enquetes: Voc√™ tomaria a vacina chinesa contra o Covid-19?,375
12:45:33,Bolsonaro afirma que vacina contra Covid-19 n√£o ser√° obrigat√≥ria.,376
12:45:33,Boca do Acre tem 99% de curados de¬†Covid-19 https://t.co/BCJY079AMo,377
12:45:35,"RT @SaboiaRN: Vejam isso turma, nosso cientista n√£o errou em nada at√© agora, vamos nos cuidar e nos preparar pelo amor de Deus!!! Mais uma‚Ä¶",378
12:45:37,"RT @0_C0RV0: O Twitter removeu um tweet do principal consultor de coronav√≠rus da Casa Branca, Dr. Scott Atlas, por questionar a efic√°cia da‚Ä¶",379
12:45:48,"RT @heldermaldonado: Todo parlamentar do Novo √© desonesto intelectualmente. O melhor, neste caso, √© o cara colocar na descri√ß√£o do perfil q‚Ä¶",380
12:45:50,"O V SERPINF e o III SENPINF "" inflex√µes da Pandemia-COVID 19 na vida, nas pol√≠ticas p√∫blicas e no trabalho"" ocorrer‚Ä¶ https://t.co/PpEzQnR2xv",381
12:45:51,Bolsonaro afirma que vacina contra Covid-19 n√£o ser√° obrigat√≥ria https://t.co/23dXJcLE9c,382
12:46:7,"RT @MiguelNicolelis: O Brasil precisa se preparar j√° para a 2nda onda da COVID-19. √â preciso organizar-se a n√≠vel nacional: formar, treinar‚Ä¶",383
12:46:12,"RT @adrianinhe: n√∫meros muuuuuuito pr√≥ximos com Dome encarando maratona de jogos, covid, quest√µes internas, torcida e jornalistas, les√µes..‚Ä¶",384
12:46:16,Secret√°rio de sa√∫de diz que aumento dos casos de COVID-19 na Para√≠ba ocorre por causa dos eventos pol√≠ticos e volta‚Ä¶ https://t.co/U9ZHwwezNK,385
12:46:16,Secret√°rio de sa√∫de diz que aumento dos casos de COVID-19 na Para√≠ba ocorre por causa dos eventos pol√≠ticos e volta‚Ä¶ https://t.co/7RdqqE79J9,386
12:46:28,"RT @CrisBernart: Pronto. √â s√≥ estar forte espiritualmente, mesmo com 80 anos, n√£o pega covid. O mo√ßo que disse. E voc√™s a√≠ preocupados...",387
12:46:44,Em nome de Jesus que assim seja.,388
12:46:46,"Tem muita gente torcendo para que a vacina contra o novo coronav√≠rus n√£o saia; principalmente, os bolsonaristas de‚Ä¶ https://t.co/V4ROjkPzyV",389
12:47:8,RT @luizpaulor: Pessoas que apertaram 17 com for√ßa e agora fingem que n√£o.,390
12:47:12,#Sa√∫de: Bolsonaro defende a necessidade de comprova√ß√£o cient√≠fica para a aplica√ß√£o da vacina https://t.co/CtpgvAcBPJ,391
12:47:15,Saiba mais - Bruna Marquezine diz que √© sua pior hater e j√° teve Covid-19 - https://t.co/NHM8c4PuNN,392
12:47:18,#Coronavirus (Use √°cool gel ap√≥s lavar as m√£os) ~Ou√ßa Atualiza√ß√µes na Regi√£o CENTRO-OESTE~  https://t.co/RiS9AqnCrZ,393
12:47:24,"Ministro Jos√© Mucio Monteiro, de 72 anos, est√° em casa e passa bem; leia na coluna de Renata Agostini https://t.co/8x08tHYI99",394
12:47:27,‚ÄúIsto √â Gozar Com Quem Trabalha‚Äú: Ricardo Ara√∫jo Pereira analisa emiss√£o da CMTV sobre Cristiano Ronaldo e a COVID-‚Ä¶ https://t.co/ucCGjjBtNN,395
12:47:27,Quem t√° forte 'espiritualmente' n√£o pega #CODID19. Eu vou repetir: quem est√° forte ESPIRITUALMENTE n√£o pega COVID!!‚Ä¶ https://t.co/HEGKhlEXrw,396
12:47:27,Brasil registra primeiro caso confirmado de covid-19 em gato - Not√≠cias https://t.co/01G685Hwcw,397
12:47:28,"RT @g_garc2: E a semana come√ßa com a esquerda e sua ""democracia"" sendo aplaudida por seus seguidores. Na Bol√≠via, o candidato do Evo ganha‚Ä¶",398
12:47:32,RT @2022Enquetes: Voc√™ tomaria a vacina chinesa contra o Covid-19?,399
12:47:35,RT @ReginaldoLopes: A Argentina j√° recha√ßou o ultraliberalismo nas urnas e seu governo tem se destacado mais do que o nosso no combate ao C‚Ä¶,400
12:47:45,RT @BolsonaroFiel38: Sobre a tal REINFEC√á√ÇO eu queria saber uma coisa : A gripe comum a gente s√≥ pega 1 vez na vida? Que eu saiba n√£o!  Ent‚Ä¶,401
12:47:57,Urgente: Estado n√£o credencia leitos para UTI Covid em¬†Chapec√≥ https://t.co/WxhEAt6yAw,402
12:48:0,Covid-19. Gra√ßa Freitas garante que n√£o h√° liga√ß√£o entre subida de casos e in√≠cio das aulas https://t.co/LeqekmhOzd,403
12:48:1,RN tem 197 pessoas internadas no tratamento da covid e registra taxa de ocupa√ß√£o de leitos de 39%‚Ä¶ https://t.co/9h8Xv9M7IJ,404
12:48:7,Eu tamb√©m e toda a minha fam√≠lia .... n√≠nguem teve Covid-19 at√© agora.,405
12:48:8,Covid-19: empresas com perdas de 25% podem reduzir hor√°rio de trabalho at√© 33% https://t.co/I8omUYzmlo,406
12:48:8,Covid-19: empresas com perdas de 25% podem reduzir hor√°rio de trabalho at√© 33% https://t.co/ueC3xua116,407
12:48:9,"Entre os pa√≠ses com expectativa para produ√ß√£o em grande escala est√£o o Brasil, √çndia, China e Coreia do Sul.  #ODia  https://t.co/TpqL3JZskc",408
12:48:11,Covid-19. Quatro turmas de escola em Famalic√£o em casa ap√≥s funcion√°rias testarem positivo https://t.co/QDO7vWqH3X,409
12:48:15,RT @Rconstantino: Obrigatoriedade da vacina contra covid √© autoritarismo do governo de SP - Prisma - R7 Rodrigo Constantino https://t.co/rq‚Ä¶,410
12:48:23,Bolsonaro exige aval da ci√™ncia antes de usar vacina chinesa obtida por Doria   #Vacinas #Coronavirus #Sa√∫de‚Ä¶ https://t.co/U9WbVdsZ6S,411
12:48:26,RT @Rconstantino: Obrigatoriedade da vacina contra covid √© autoritarismo do governo de SP - Prisma - R7 Rodrigo Constantino https://t.co/rq‚Ä¶,412
12:48:27,Tem prefeitinhos tiranetes que quebraram a economia e agora vendem a promessa de salva√ß√£o caso reeleitos. BH n√£o re‚Ä¶ https://t.co/3korYsIjfs,413
12:48:32,"""Covid-19 mata rapidamente. Com amianto a morte chega 20 a 30 anos depois"" https://t.co/iqOPHH9e50 Em‚Ä¶ https://t.co/lWtKo9eb6k",414
12:48:35,RT @recontaai: #Elei√ß√µes2020 A pandemia do coronav√≠rus fez com que muita coisa mudasse para as elei√ß√µes municipais deste ano. As principais‚Ä¶,415
12:48:42,Governo de S√£o Paulo d√° coletiva sobre coronav√≠rus https://t.co/ghSgEk4wqm,416
12:48:48,Atualmente a √∫nica vacina que temos contra o COVID √© a m√°scara üò∑   Ent√£o USEM CARAIOOO,417
12:48:53,RT @Rconstantino: Obrigatoriedade da vacina contra covid √© autoritarismo do governo de SP - Prisma - R7 Rodrigo Constantino https://t.co/rq‚Ä¶,418
12:49:7,RT @Rconstantino: Obrigatoriedade da vacina contra covid √© autoritarismo do governo de SP - Prisma - R7 Rodrigo Constantino https://t.co/rq‚Ä¶,419
12:49:10,SP: Doria atualiza informa√ß√µes sobre a pandemia de coronav√≠rus https://t.co/gBJNaKKf6I,420
12:49:10,SP: Doria atualiza informa√ß√µes sobre a pandemia de coronav√≠rus https://t.co/I0enNft67F,421
12:49:10,SP: Doria atualiza informa√ß√µes sobre a pandemia de coronav√≠rus https://t.co/2gEBIzYfNz,422
12:49:10,SP: Doria atualiza informa√ß√µes sobre a pandemia de coronav√≠rus https://t.co/3HiO2bAR0r,423
12:49:10,SP: Doria atualiza informa√ß√µes sobre a pandemia de coronav√≠rus https://t.co/kHYUqQILtF,424
12:49:15,"RT @BobjeffHD: S√£o Paulo, por seu ditador, c√∫mplice dos comunistas chineses, est√° investindo desde agosto do ano passado (?) milh√µes na vac‚Ä¶",425
12:49:15,RT @majorfabianadep: O nosso Presidente @jairbolsonaro reafirmou hoje pela manh√£ que a vacina contra o CoronaVirus n√£o ser√° obrigat√≥ria. ht‚Ä¶,426
12:49:20,"RT @NetoEmerson7804: Governador da Bahia, Rui Costa mostrando como se comportar frente ao COVID-19 (em tempos de elei√ß√£o, claro)! https://t‚Ä¶",427
12:49:23,Bolsonaro volta a dizer que vacina contra covid-19 n√£o ser√° obrigat√≥ria https://t.co/fgO6ey1UOQ,428
12:49:28,Centro de Foz do Igua√ßu √© a √°rea com maior concentra√ß√£o de casos ativos de covid. Levantamento foi atualizado nesta‚Ä¶ https://t.co/uJo9eNf6YU,429
12:49:33,Centro de Foz do Igua√ßu √© a √°rea com maior concentra√ß√£o de casos ativos de covid. Levantamento foi atualizado nesta‚Ä¶ https://t.co/ccIWlRFZpj,430
12:49:42,RT @valoreconomico: Prefeitos n√£o gastaram metade dos R$ 42 bi para covid https://t.co/EUhK3mY5bb,431
12:49:42,"Em editorial, O Globo opina que ""n√£o se pode permitir que a vacina√ß√£o contra a Covid-19 seja contaminada por fantas‚Ä¶ https://t.co/n7MWg6ueWg",432
12:49:44,"Em entrevista na sa√≠da do Planalto, esta manh√£, o Presidente Jair Bolsonaro voltou a afirmar que a vacina contra o‚Ä¶ https://t.co/kRusqbYyAZ",433
12:49:55,It√°lia registra 11000 casos di√°rios de coronav√≠rus,434
12:50:0,RT @mab_sp125: Aparentemente o Alexandre Aguiar n√£o tem muito interesse em novas informa√ß√µes sobre um assunto que est√° comentando. Talvez p‚Ä¶,435
12:50:6,"Bolsonaro diz que vacina contra covid-19 ""n√£o ser√° obrigat√≥ria, e ponto final"" https://t.co/hr61r5MLnM",436
12:50:6,"Bolsonaro diz que vacina contra covid-19 ""n√£o ser√° obrigat√≥ria, e ponto final"" https://t.co/opcttwjSiW",437
12:50:6,"Bolsonaro diz que vacina contra covid-19 ""n√£o ser√° obrigat√≥ria, e ponto final"" https://t.co/BtMwQZIpQd",438
12:50:6,"Bolsonaro diz que vacina contra covid-19 ""n√£o ser√° obrigat√≥ria, e ponto final"" https://t.co/RcZLLxp6z8",439
12:50:30,RT @majorfabianadep: O nosso Presidente @jairbolsonaro reafirmou hoje pela manh√£ que a vacina contra o CoronaVirus n√£o ser√° obrigat√≥ria. ht‚Ä¶,440
12:50:31,Pernambuco registra 156.130 casos confirmados da doen√ßa. https://t.co/PyTeCCRseg,441
12:50:32,"RT @ThiagoResiste: PIB da China cresceu quase 5%. Tenta comprar 1 passagem pra China, antes de embarcar vc √© obrigado a fazer 2 testes de c‚Ä¶",442
12:50:33,RT @michellebarouki: Eu ou√ßo absurdos sobre vacinas desde 2018 neste saite e os meus retu√≠tes abaixo est√£o a√≠ pra comprovar isso   2018 nem‚Ä¶,443
12:50:41,"App Stayaway¬†Covid com 2,3 milh√µes de utilizadores e 323 c√≥digos de infetados inseridos https://t.co/rX7AociWpP https://t.co/UUDCwLF0h4",444
12:51:3,Acompanhe todas as informa√ß√µes sobre a pandemia de coronav√≠rus https://t.co/q6xQVZWjts,445
12:51:8,ConJur - TRT-1 nega suspens√£o de acordo por perda de receita pela Covid-19 https://t.co/F6IXImCUbf via @ConJur_Oficial,446
12:51:28,China recupera crescimento econ√¥mico ap√≥s crise de Covid-19 https://t.co/XoCg629abb https://t.co/Jepujwg9Si,447
12:51:31,"ACM Neto atribui aumento de casos em crian√ßas a ""relaxamento"" dos pais nos fins de semana #acmneto #salvador‚Ä¶ https://t.co/FXaRhOKcfM",448
12:51:32,"@RedeTV #OpiniaoNoAr excelente m√©dico. (ela ainda n√£o entendeu!!!üôèüôèüôè) Eu tive covid-19, aos 65, sou obeso, e me tra‚Ä¶ https://t.co/5WbPrGhzPU",449
12:51:39,N√∫meros da covid em pa√≠ses europeus superam o Brasil em 150% via @DiariodoPoder https://t.co/SjNDf7DRTW,450
12:51:39,"RT @sortimentos: https://t.co/pkqm0MH194 Turismo - M√¥naco, destino p√≥s-Covid-19 https://t.co/b0PgtLMBeX  @VisitMonaco #VisitMonaco #Monaco‚Ä¶",451
12:51:45,??????????????????????????? algu√©m entendeu na analogia desse playba?!?!?!!?!?!?!?!?!?!?  - Perdi duas tias pro cov‚Ä¶ https://t.co/Wh0IHP4ycK,452
12:51:54,"Covid-19: CoronaVac come√ßar√° a ser produzida no Brasil neste m√™s, diz Butantan  https://t.co/cWYvVHqdgC",453
12:51:56,"Covid-19. Tr√™s funcion√°rias infetadas em escola de Famalic√£o, 90 alunos em casa https://t.co/9CwtinLHcR",454
12:51:57,Covid-19. Sobe para oito n√∫mero de utentes de lar em Beja internadas https://t.co/dlBFSx5v2E,455
12:51:57,RT @correio_dopovo: Casos ativos de coronav√≠rus voltam a subir em Caxias do Sul. Em 15 dias o n√∫mero de infectados quase dobrou no munic√≠pi‚Ä¶,456
12:52:3,"A duas semanas da elei√ß√£o, a taxa de resultados positivos para a COVID-19 est√° acima de 10% em pelo menos 14 estados americanos.",457
12:52:10,"Amanda calada melhora muito o programa. Ela √© uma verdadeira ""Cala boca Magda"". Ainda n√£o consigo assistir ao progr‚Ä¶ https://t.co/qbqnX3RLDR",458
12:52:18,"Mais de 50% dos pacientes da COVID-19 podem ter sintomas meses depois de recupera√ß√£o, diz estudo:‚Ä¶ https://t.co/vBu0uBm3Go",459
12:52:24,RT @2022Enquetes: Voc√™ tomaria a vacina chinesa contra o Covid-19?,460
12:52:34,Bolsonaro volta a afirmar que n√£o vai obrigar brasileiros a tomarem vacina contra o¬†coronav√≠rus https://t.co/qwk1g3NDJU,461
12:52:55,Videira registra mais uma morte por COVID-19  https://t.co/nDpckhGu5C,462
12:53:2,"N√ÉO √â S√ì UMA GRIPEZINHA, ABRA O OLHO BOLSONARISTA. Pacientes hospitalizados com Covid-19 podem ter sintomas por mes‚Ä¶ https://t.co/vAkPfIaPcc",463
12:53:6,"RT @vivabem_uol: Bolsonaro diz que vacina contra covid-19 ""n√£o ser√° obrigat√≥ria, e ponto final"" https://t.co/opcttwjSiW",464
12:53:13,Publicada a Medida Provis√≥ria que aumenta a margem de cr√©dito consignado aos aposentados durante o per√≠odo da pande‚Ä¶ https://t.co/jlMY4Yk6UH,465
12:53:17,"A pandemia levou ao aumento expressivo de pre√ßo do produto, consumo maior que a capacidade de produ√ß√£o e, como cons‚Ä¶ https://t.co/gHTd9QFVbA",466
12:53:30,"Na CP, Prefeito Juninho reitera medidas emergenciais de combate ao¬†Coronav√≠rus https://t.co/vLM04K6NbP",467
12:53:33,Ser√° que um dia vamos acordar desse pesadelo?,468
12:53:56,RT @YahooBr: Vacina chinesa contra o coronav√≠rus deve come√ßar a ser produzida ainda neste m√™s: 'Melhor perfil de seguran√ßa' https://t.co/lg‚Ä¶,469
12:53:57,Localizado 'calcanhar de Aquiles' dos coronav√≠rus: https://t.co/6LIYoXPX2J via @sputnik_brasil,470
12:54:31,RT @MendesOnca: N√£o ser√° obrigat√≥ria e ponto final diz Prejumento Bolsonaro sobre vacina a covid-19 @congemfoco https://t.co/vwdviY7NKq,471
12:54:42,RT @2022Enquetes: Voc√™ tomaria a vacina chinesa contra o Covid-19?,472
12:54:45,Hospital Martag√£o Gesteira em Salvador  Salvador est√° com 100% de leitos cl√≠nicos pedi√°tricos para a Covid-19 ocupa‚Ä¶ https://t.co/X5L14SUfGU,473
12:54:48,Governo alem√£o investindo ‚Ç¨500m em adapta√ß√£o de ventila√ß√£o de pr√©dios. Entendem que COVID n√£o √© um problema s√≥ em 2‚Ä¶ https://t.co/zA7aGpvFuy,474
12:54:50,Embalagens de bacalhau contaminadas com Covid-19 descobertas na China https://t.co/GwoCeOdlX5,475
12:54:51,Alemanha investe 500 milh√µes na ventila√ß√£o de edif√≠cios para evitar propaga√ß√£o de Covid-19 https://t.co/LkFXHGe4d6,476
12:54:53,RT @vivabem_uol: SP: Doria atualiza informa√ß√µes sobre a pandemia de coronav√≠rus https://t.co/2gEBIzYfNz,477
12:54:58,"RT @opiniaoredetv: M√©dico Alessandro Loiola (@AlessandroLoio2) critica ""vacina chinesa"" contra Covid-19: ""Nos vendem o problema e, depois,‚Ä¶",478
12:55:4,Bolsonaro contradiz D√≥ria e enfatiza que vacina contra Covid-19 n√£o ser√°¬†obrigat√≥ria https://t.co/6Dqh4eoACw,479
12:55:32,"Nesta segunda (19), Bolsonaro voltou a dizer que uma poss√≠vel vacina contra a covid-19 n√£o ser√° obrigat√≥ria. https://t.co/s3wmeZ7Ns8",480
12:55:35,"Nesta segunda (19), Bolsonaro voltou a dizer que uma poss√≠vel vacina contra a covid-19 n√£o ser√° obrigat√≥ria. https://t.co/FzmlOlke3N",481
12:55:37,RT @oatila: Governo alem√£o investindo ‚Ç¨500m em adapta√ß√£o de ventila√ß√£o de pr√©dios. Entendem que COVID n√£o √© um problema s√≥ em 2020 e demand‚Ä¶,482
12:55:38,"Jovem que teve covid-19 conta que ainda s√≥ sente cheiro e gosto de ""pl√°stico podre"" na comida. Ela n√£o consegue mai‚Ä¶ https://t.co/na9GCNIytW",483
12:55:53,RT @oatila: Governo alem√£o investindo ‚Ç¨500m em adapta√ß√£o de ventila√ß√£o de pr√©dios. Entendem que COVID n√£o √© um problema s√≥ em 2020 e demand‚Ä¶,484
12:55:53,"RT @JonasLaico: @SergiusAugustus @Trunfim Manchete do futuro breve, no brezel segue est√°vel a taxa de mortes provocadas pela COVID-19 e cre‚Ä¶",485
12:55:55,Ela j√° ta a√≠ fazendo estrago mas a prefeitura s√≥ vai revelar depois da elei√ß√£o.   Meu vizinho √© rodovi√°rio e recebe‚Ä¶ https://t.co/YkxAk87uMg,486
12:56:0,"@jairbolsonaro √© um mentiroso compulsivo n√£o existe esse tal de ""hist√≥rico de atleta"". Voc√™ pobre de direita Bolson‚Ä¶ https://t.co/ONuMyeguiD",487
12:56:0,Covid-19. Subiu para 10 n√∫mero de infetados no Agrupamento de Escolas de Mogadouro https://t.co/63Uyq4rwX6,488
12:56:6,"ECONOMIA| Al√©m do fraco desempenho da economia, que j√° era registrado antes mesmo da pandemia da Covid-19, o impact‚Ä¶ https://t.co/HSWXkhQTcj",489
12:56:20,"""Quem est√° forte espiritualmente n√£o pega covid...""  N√£o est√° sendo f√°cil...",490
12:56:31,RT @munizpapamike: Voc√™ √© a favor da obrigatoriedade da vacina contra a Covid?,491
12:56:32,Covid-19. Doentes assintom√°ticos ou ligeiros n√£o precisam de teste negativo para regressar ao trabalho https://t.co/o4Cjj1dpEH,492
12:56:34,Covid-19: RN n√£o registra √≥bitos nas √∫ltimas 24 horas https://t.co/OZck9tbkaK,493
12:56:38,PALMEIRA DAS MISS√ïES ‚Äì MUNIC√çPIO REGISTRA O D√âCIMO QUARTO √ìBITO POR¬†COVID-19 https://t.co/AEU8E3G6oD,494
12:56:46,E o Brasil planeja elei√ß√µes,495
12:56:50,Brasil investiga pelo menos 247 casos de poss√≠veis reinfec√ß√µes por Covid-19 https://t.co/pRFRjY2LO2,496
12:56:54,"RT @MarcosPaliari: @oatila Estou confinado desde o in√≠cio n√£o saio pra nada, trabalho home office e hoje fui positivado para o COVID  Realm‚Ä¶",497
12:57:3,"RT @oatila: Repare nas datas. √â ‚Äúposs√≠vel‚Äù show com adapta√ß√µes, atendendo exig√™ncias. N√£o quer dizer que √© seguro. Aglomera√ß√£o com pessoas‚Ä¶",498
12:57:9,"Pouco ap√≥s alta da Covid, Rog√©rio Le√£o recebe T√≠tulo de Cidad√£o¬†Cabroboense https://t.co/HeMVzDuL6k",499
12:57:9,"Cortina de fuma√ßa de um jumento  Bolsonaro volta a atacar Doria por vacina: ""se intitula m√©dico do Brasil""‚Ä¶ https://t.co/oyfQpn1UXO",500
12:57:15,PIB da China: Pa√≠s recupera crescimento econ√¥mico ap√≥s crise de Covid-19 - CartaCapital https://t.co/wHBd8jVdBW,501
12:57:45,Teatro J. Safra recebe espet√°culo ‚ÄúVaria√ß√µes em Prece‚Äù para homenagear as v√≠timas da COVID-19.  https://t.co/t7pNvwGaPc,502
12:57:46,Jovem enfermeira de Mirandiba morre v√≠tima da¬†Covid-19 https://t.co/CWuiKgT67D,503
12:58:1,"RT @LulaSilvaLivre: Pib da China cresce 4,9%. Enquanto no Brasil cresce:    Mamata da fam√≠licia, ex√©rcito judici√°rio e pol√≠ticos    Mis√©ria‚Ä¶",504
12:58:4,"Covid-19: CoronaVac come√ßar√° a ser produzida no Brasil neste m√™s, diz Butantan https://t.co/e1zHQGeNz1",505
12:58:14,"RT @garantido: Nosso querido Jorge Arag√£o, compositor de sucessos como ‚ÄúParintins Para o Mundo‚Äù (1997), ‚ÄúGarantido Sou Eu‚Äù (1998) e ‚ÄúPaix√£o‚Ä¶",506
12:58:16,"RT @EmersonDaviB: @regiancordeiro @AgdaOli96919401 @Din2Diniz @an_poli Esse nunca tirou a m√°scara, mesmo antes do COVID-19.",507
12:58:24,"RT @g1saopaulo: Vacina chinesa contra o coronav√≠rus tem 'melhor perfil de seguran√ßa' e efic√°cia deve ser comprovada at√© o final do ano, diz‚Ä¶",508
12:58:36,"RT @OGusTavito: PIB da China cresceu quase 5% sem desempregar, sem tirar aposentadoria e sem matar o povo chin√™s de COVID. Daqui a pouco ve‚Ä¶",509
12:58:48,"Taxa geral de transmissibilidade no RN para covid est√° abaixo de 1 nesta segunda-feira; por outro lado, 64 munic√≠pi‚Ä¶ https://t.co/lgE3YeSBqN",510
12:58:50,"Vacina contra Covid-19 ‚Äún√£o ser√° obrigat√≥ria e ponto final‚Äù, diz Bolsonaro. Presidente tamb√©m criticou o governador‚Ä¶ https://t.co/28SligJPsX",511
12:58:52,RT @criticanac: O tempo gasto na pesquisa e desenvolvimento da vacina contra a covid em compara√ß√£o com o tempo gasto na pesquisa e desenvol‚Ä¶,512
12:58:57,RT @majorfabianadep: O nosso Presidente @jairbolsonaro reafirmou hoje pela manh√£ que a vacina contra o CoronaVirus n√£o ser√° obrigat√≥ria. ht‚Ä¶,513
12:59:1,Brasil registra primeiro caso de gato infectado com Covid-19 por donos https://t.co/mhYpN2QgzN https://t.co/oE1KJeZmKF,514
12:59:4,R√∫ssia aguarda autoriza√ß√£o para in√≠cio da produ√ß√£o da vacina contra a covid-19 no Brasil https://t.co/SRZFiSpKPH,515
12:59:7,RT @Rconstantino: Obrigatoriedade da vacina contra covid √© autoritarismo do governo de SP - Prisma - R7 Rodrigo Constantino https://t.co/rq‚Ä¶,516
12:59:27,"RT @Karl_Marx_br: √â isso, grande Tenente, Comandante em chefe, ser supremo e sapiente defensor d seu povo. √ë permita q seu povo seja obriga‚Ä¶",517
12:59:37,COVID-19: Par√° de Minas tem 676 casos confirmados e nova morte √©¬†registrada https://t.co/aoOszt9CWa,518
12:59:53,"Covid-19 em It√°lia. ""A situa√ß√£o √© cr√≠tica"" https://t.co/zjXWSRHn3a",519
12:59:57,E antes de falarem que s√≥ quem tem euros se resolve: https://t.co/H7dL0aQS6l,520
13:0:6,#Alemania registra 4.325 casos do novo #coronav√≠rus em 24 horas https://t.co/05RNCSTCni,521
13:0:6,Prefeito de Florian√≥polis se recupera bem da Covid-19 mas segue internado https://t.co/O6IAE71keK,522
13:0:6,"Pacientes que recebem alta, seguem com sintomas e sequelas. https://t.co/DnXdKlGJYS",523
13:0:7,Hospital das Cl√≠nicas investiga 28 casos suspeitos de reinfec√ß√£o por coronav√≠rus #FalaBrasil  https://t.co/ai1pKZm0RZ,524
13:0:7,"Logo mais, √†s 13h30, tem Col√≥quios Fiocruz - Ci√™ncia e Covid-19: diferentes perspectivas, ao vivo, no Canal Sa√∫de.‚Ä¶ https://t.co/c7Pp0FtcDY",525
13:0:7,"Em meio √† pandemia de Covid-19, o Brasil registrou, no 1¬∞ semestre de 2020, 648 feminic√≠dios. Os n√∫meros evidenciam‚Ä¶ https://t.co/StxDeWmCDn",526
13:0:14,Brasil registra primeiro caso confirmado de gato com Covid-19 ‚ñ∂ https://t.co/2HeYnIey6l üì∏ Arquivo Pessoal https://t.co/cIyFGVaEMS,527
13:0:28,RT @birobir80388830: Gra√ßas Deus @PauloSilva1955 venceu o covid üôåüèªüôåüèªüôåüèª https://t.co/RnXg5TlWST,528
13:0:28,Not√≠cias &amp; Atualiza√ß√µes do #Coronavirus - N√£o perca nada c/ #Podcasts OFFLINE https://t.co/yAHhhXJcmx,529
13:0:30,#Coronavirus (Mantenha ambientes ventilados) ~Ou√ßa Atualiza√ß√µes na Regi√£o NORDESTE~  https://t.co/0rcHsoy1Bm,530
13:0:32,Covid-19: UNICEF vai adquirir mais de mil milh√µes de seringas para futuras vacinas - https://t.co/TLNWViQLYN https://t.co/yV78VegMPC,531
13:0:37,"Mais da metade das contamina√ß√µes foram registradas nos Estados Unidos (8,1 milh√µes), √çndia (7,5 milh√µes) e Brasil (‚Ä¶ https://t.co/rtIJvObwhA",532
13:0:43,O l√≠der ind√≠gena Amado Menezes Filho morreu de Covid-19 na √∫ltima quinta (16). Ele era uma das vozes mais important‚Ä¶ https://t.co/9c1ShcwY34,533
13:0:56,"RT @UOLNoticias: Bolsonaro diz que vacina contra covid-19 ""n√£o ser√° obrigat√≥ria, e ponto final"" https://t.co/RcZLLxp6z8",534
13:1:6,@fckingbelieber O hospital que eu vou quando estou doente fez uma s√©rie de live no zoom com v√°rios m√©dicos e um inf‚Ä¶ https://t.co/OV8sRY9NdO,535
13:1:12,RT @agenciapublica: S√©rie de reportagens da Ag√™ncia P√∫blica denuncia o uso eleitoral da cloroquina e ivermectina contra a Covid-19. https:/‚Ä¶,536
13:1:14,RT @oatila: Governo alem√£o investindo ‚Ç¨500m em adapta√ß√£o de ventila√ß√£o de pr√©dios. Entendem que COVID n√£o √© um problema s√≥ em 2020 e demand‚Ä¶,537
13:1:32,"Coronav√≠rus: ap√≥s final de semana, MG registra 7 mortes; s√£o 8.453 √≥bitos https://t.co/7lqg3yRqqZ",538
13:1:32,"Coronav√≠rus: ap√≥s final de semana, MG registra 7 mortes; s√£o 8.453 √≥bitos https://t.co/E4mMOE4Hle",539
13:1:33,"Ordin√°rio ""!",540
13:1:46,RT @Azuree78614924: @Metropoles @euleodias Nunca teremos uma segunda onda de covid se n√£o sairmos da primeira.,541
13:1:50,"RT @IsoldaBolsonaro: EU tomei Ivermectina como a√ß√£o preventiva ao COVID19, seguindo o protocolo duas x no intervalo de 15 dias.   E voc√™? ü§î‚Ä¶",542
13:1:54,RT @UOLNoticias: Imagens de m√©dicos que morreram de covid s√£o projetadas em SP https://t.co/RGQ5dRgNxF,543
13:2:7,"RT @cirogomes: O Brasil √© o 2¬∫ pa√≠s do mundo com mais mortes por coronav√≠rus em n√∫meros absolutos, atr√°s apenas dos EUA. Resultado da forma‚Ä¶",544
13:2:11,Covid-19: UNICEF vai adquirir mais de mil milh√µes de seringas para futuras vacinas https://t.co/q0Vy9JUHQh,545
13:2:12,"RT @vanessaglima_: Isso mesmo Atila Crie estigma de que quem pega covid √© que n√£o se cuidou. Afinal, todos os asilos passaram ilesos de con‚Ä¶",546
13:2:14,Bolsonaro reafirma que vacina contra a Covid-19 n√£o ser√° obrigat√≥ria https://t.co/7AFob75QBD,547
13:2:18,RT @g1: Europa tem mais de 250 mil mortes por Covid-19; balan√ßo feito pela France Presse aponta que o continente europeu registrou um quint‚Ä¶,548
13:2:46,RT @FlavioDino: Come√ßamos nesta segunda-feira a 2¬™ etapa do Inqu√©rito Sorol√≥gico sobre o coronav√≠rus no Maranh√£o. O trabalho em campo vai a‚Ä¶,549
13:2:53,"RT @perereco: MEU DEUS O NEG√ìCIO PROTEGE CONTRA O CORONAV√çRUS E COLOCAM O NEG√ìCIO NO CH√ÉO  OLHA O ESTADO DESSA CAIXINHA, QUE DESLEIXO",550
13:2:57,"RT @bollemdb: Interessados em entender a sindemia de COVID-19, doen√ßas cr√¥nicas, polui√ß√£o, e condi√ß√µes socioecon√¥micas?  Interessados em sa‚Ä¶",551
13:3:1,"""Covid-19: CoronaVac come√ßar√° a ser produzida no Brasil neste m√™s, diz Butantan""  https://t.co/RQRU7Oeagb",552
13:3:4,Covid-19: Minist√©rio da Educa√ß√£o quer manter escolas abertas https://t.co/dV9Iyb84C4,553
13:3:7,RT @Rconstantino: Obrigatoriedade da vacina contra covid √© autoritarismo do governo de SP - Prisma - R7 Rodrigo Constantino https://t.co/rq‚Ä¶,554
13:3:25,RT @FabioTalhari: Bom dia a todos! Estou impressionado com a dilig√™ncia do governador D√≥ria como representante comercial da vacina chinesa.‚Ä¶,555
13:3:27,Urgente HRO de Chapec√≥ divulgou nota informando que que todos os leitos de UTI Covid aparecem como descredenciados‚Ä¶ https://t.co/IY4pE9Tscf,556
13:3:28,Israel teve uma onda de casos em agosto e adotou lockdown no meio de setembro. Agora podem aproveitar o f√¥lego pra‚Ä¶ https://t.co/IdQvLWjwAd,557
13:3:51,RT @MarivoneLula: #Eleicoes2020   S√ÉO PAULO   ü§©#Vote13ü§©#VotePT ü§©  Aprendeu a mentir com o Bozo? ü§°ü§î  FAKE NEWS DO CANDIDATO APOIADO PELO JAI‚Ä¶,558
13:3:57,Covid-19: Declara√ß√£o m√©dica substitui teste negativo em regresso √† escola ou emprego https://t.co/obHfK3mchs,559
13:3:57,"RT @ThiagoResiste: PIB da China cresceu quase 5%. Tenta comprar 1 passagem pra China, antes de embarcar vc √© obrigado a fazer 2 testes de c‚Ä¶",560
13:4:4,"Bozo est√° pensando que ele √© o rei saudita no seu regime absolutista. O que diz a lei: Promulgada em 1975, a¬†lei¬†6.‚Ä¶ https://t.co/GIgFS2r9jp",561
13:4:7,RT @lilian_tahan: Uma linda homenagem aos 40 m√©dicos que morreram de Covid-19 em SP. Iniciativa do Conselho Regional de Medicina de SP @Cre‚Ä¶,562
13:4:13,"Pa√≠s que oferece vacina ao Brasil tem primeiro de vacinar em massa sua popula√ß√£o, diz Bolsonaro https://t.co/9L3lu3EG8W",563
13:4:17,@zecsb @Medicina_CFM @AlessandroLoio2 @ananiasfernanda Tem provas que 154 mil morreram de covid ? https://t.co/i9bKeOZMLn,564
13:4:18,RT @UOL: N√∫mero de casos confirmados de covid-19 no mundo ultrapassa 40 milh√µes https://t.co/UBC90iECzs,565
13:4:32,"RT @jandira_feghali: Melhoras para meu colega @cirogomes que testou positivo para Covid-19. Vai dar tudo certo, querido. For√ßa! üå∑",566
13:4:40,Covid-19: It√°lia registou ligeira descida de novos casos mas com menos testes https://t.co/T9jr3bf5cs,567
13:4:59,RT @oatila: E antes de falarem que s√≥ quem tem euros se resolve: https://t.co/H7dL0aQS6l,568
13:5:5,"Mundo chega a 40 milh√µes de casos de covid-19, diz universidade https://t.co/M6cvlsnbcm https://t.co/vSudxdZdCX",569
13:5:8,RT @jornalopcao: Bolsonaro contradiz D√≥ria e enfatiza que vacina contra Covid-19 n√£o ser√°¬†obrigat√≥ria https://t.co/6Dqh4eoACw,570
13:5:8,"App Stayaway¬†Covid com 2,3 milh√µes de utilizadores e 323 c√≥digos de infetados inseridos https://t.co/8qnNbU6cFh https://t.co/XQ8GfsQCeU",571
13:5:10,RT @danielacampelo: Nunca foi t√£o urgente investir em pol√≠ticas p√∫blicas de preven√ß√£o √†s DCNTs. Precisamos aumentar tributos para produtos‚Ä¶,572
13:5:35,"RT @oatila: S√£o 11 testes RT PCR pra cada positivo, ent√£o os menos de 15 mil casos e 300 mortes s√£o reais e bem mais confi√°veis do que os n‚Ä¶",573
13:5:53,RT @planalto: #AoVivo: Presidente @jairbolsonaro participa da abertura do U.S.-Brazil Connect Summit. O encontro promove o engajamento e a‚Ä¶,574
13:5:55,A UE ativa a interoperabilidade transfronteiri√ßa para o primeiro lote de aplicativos de rastreamento de contatos¬†CO‚Ä¶ https://t.co/aCZTYjAer6,575
13:5:56,Mundo ultrapassa 40 milh√µes de casos de covid-19  https://t.co/BOGvG7oXf5,576
13:6:0,RT @criticanac: O tempo gasto na pesquisa e desenvolvimento da vacina contra a covid em compara√ß√£o com o tempo gasto na pesquisa e desenvol‚Ä¶,577
13:6:6,"RT @oatila: Isso porque o Senegal encarou a COVID-19 como encara o Ebola, uma infec√ß√£o s√©ria a ser combatida. Enquanto o Brasil encarou com‚Ä¶",578
13:6:6,"RT @MarcosQuezado1: Pa√≠s que oferece vacina ao Brasil tem primeiro de vacinar em massa sua popula√ß√£o, diz Bolsonaro https://t.co/9L3lu3EG8W",579
13:6:7,"RT @gleisi: Os arautos da moralidade e dos bons costumes dar√£o uma voadora no pesco√ßo do senador do DEM, vice l√≠der do governo Bolsonaro? T‚Ä¶",580
13:6:9,"RT @ONUBrasil: Aumento da COVID-19 na Europa √© grande preocupa√ß√£o, afirma chefe regional da OMS  A COVID-19 √© agora a quinta causa de morte‚Ä¶",581
13:6:10,"Recuperado da covid, Hugo Calderano volta a treinar ap√≥s quarentena https://t.co/mYRj4aEZyQ #esporte",582
13:6:11,"@PauloLotufo aquiningu√©m teve covid, mas meu meu pai tem anosmia h√° anos",583
13:6:20,RT @mirian_td: Algu√©m sabe o que aconteceu com a hist√≥ria do desvio de recursos do combate √† COVID desviados pelo Programa da primeira dama‚Ä¶,584
13:6:25,Covid-19: N√∫mero de casos ativos cai para 217 em Para√≠so https://t.co/0a2rGDRwPv,585
13:6:28,"Esse e o meu presidente,. Aprende a√≠ seus filhos da puta seus Governadores de bosta",586
13:6:31,"RT @flaviogordon: Est√£o mais preocupados em patrulhar os cr√≠ticos da vacina√ß√£o obrigat√≥ria contra a covid. Afinal, denunciar a cristofobia‚Ä¶",587
13:6:40,O ministro da Educa√ß√£o voltou hoje a defender a import√¢ncia de manter as escolas abertas com ensino presencial. https://t.co/OrpJN0R1gE,588
13:6:49,Covid-19: Presidente do Brasil diz que vacina ser√° gratuita mas n√£o obrigat√≥ria https://t.co/9kODLtCPKV,589
13:6:58,Governo de S√£o Paulo d√° coletiva sobre coronav√≠rus https://t.co/Y8QACtIxPb,590
13:7:2,RT @planalto: #AoVivo: Presidente @jairbolsonaro participa da abertura do U.S.-Brazil Connect Summit. O encontro promove o engajamento e a‚Ä¶,591
13:7:13,"SNS ‚Äúest√° preparado para continuar a dar respostas‚Äù, diz secret√°rio de Estado da Sa√∫de https://t.co/9hOIfdf3C8",592
13:7:17,Jorge Arag√£o est√° internado em UTI no Rio por Covid-19 https://t.co/IEYsDcOfD0,593
13:7:18,RT @oatila: Governo alem√£o investindo ‚Ç¨500m em adapta√ß√£o de ventila√ß√£o de pr√©dios. Entendem que COVID n√£o √© um problema s√≥ em 2020 e demand‚Ä¶,594
13:7:19,RT @criticanac: O tempo gasto na pesquisa e desenvolvimento da vacina contra a covid em compara√ß√£o com o tempo gasto na pesquisa e desenvol‚Ä¶,595
13:7:21,Covid-19: It√°lia registou ligeira descida de novos casos mas com menos testes - https://t.co/WYwJXVmbkj https://t.co/JorD72EvEJ,596
13:7:32,RT @oatila: E antes de falarem que s√≥ quem tem euros se resolve: https://t.co/H7dL0aQS6l,597
13:7:33,Cantor Jorge Arag√£o est√° internado em UTI com Covid-19 - Por D√°rcio Rabelo https://t.co/jnSL2Vhjzr,598
13:7:34,"RT @robertojefer: Esperai , o @jdoriajr n√£o tomou a vacina chinesa ? E como foi que ele pegou covid ?",599
13:7:50,Mar√≠lia atinge 60 mortes por Coronav√≠rus https://t.co/2HwpWb9Mif  ü§≥Siga o JM no Instagram: @jornal.da.manha‚Ä¶ https://t.co/OPEyzgigdS,600
13:7:54,RT @munizpapamike: Voc√™ √© a favor da obrigatoriedade da vacina contra a Covid?,601
13:7:54,"Vacina contra Covid-19 ‚Äún√£o ser√° obrigat√≥ria e ponto final‚Äù, diz Bolsonaro https://t.co/K5YPoocZug",602
13:7:55,RT @CortKiki: O Comit√© Alem√£o de Investiga√ß√£o Coronav√≠rus reuniu  equipe internacional de advogados com vista a disputar judicialmente ‚Äúo m‚Ä¶,603
13:7:57,RT @oatila: Israel teve uma onda de casos em agosto e adotou lockdown no meio de setembro. Agora podem aproveitar o f√¥lego pra adotar outra‚Ä¶,604
13:8:17,"Brasil registra primeiro caso de covid-19 em gato, no Mato Grosso.  Animal de estima√ß√£o de Cuiab√°, no Mato Grosso,‚Ä¶ https://t.co/b7bZ2snmJc",605
13:8:24,"RT @registeago: no meu instagram tem m√≥ galera indo pra praia, com um monte de amigo, tirando foto, um em cima do outro, aglomera√ß√£o sinist‚Ä¶",606
13:8:44,Vacina chinesa contra o coronav√≠rus tem 'melhor perfil de seguran√ßa' e efic√°cia deve ser comprovada at√© o final do‚Ä¶ https://t.co/iTzsGMFy31,607
13:8:49,RT @dw_brasil: Muitos se perguntam o que o governo espanhol tem feito de errado na gest√£o da pandemia. Problemas sociais anteriories √† cris‚Ä¶,608
13:8:54,MG: Zema diz que 'descentraliza√ß√µes de decis√µes' ajudaram no combate √† Covid-19,609
13:8:56,RT @oatila: Governo alem√£o investindo ‚Ç¨500m em adapta√ß√£o de ventila√ß√£o de pr√©dios. Entendem que COVID n√£o √© um problema s√≥ em 2020 e demand‚Ä¶,610
13:9:4,"RT @gleisi: Acordo de Bolsonaro p/ produ√ß√£o de vacina contra Covid no Brasil √© grande neg√≥cio p/ empresa brit√¢nica, q vai usar nossa Fiocru‚Ä¶",611
13:9:7,"RT @gleisi: Hoje, diversas manifesta√ß√µes no Brasil e no mundo pedem o afastamento do pior presidente da hist√≥ria do Brasil no ato #StopBols‚Ä¶",612
13:9:8,RT @JoaoeFerraz: QUEM poderia imaginar que o uso indiscriminado de antibi√≥ticos nos kits covid poderiam se tornar uma preocupa√ß√£o por eleva‚Ä¶,613
13:9:10,"‚ÄúCi√™ncia, ci√™ncia, ci √™nnn cia!‚Äù. ‚ÄúFato, fato, fato!‚Äù",614
13:9:22,RT @gleisi: A indiferen√ßa com que vem sendo tratadas as mortes por Covid no Brasil n√£o reflete a dor daqueles que perderam as pessoas queri‚Ä¶,615
13:9:39,RT @MendesOnca: Brasil fez menos de 18 milh√µes de testes e menos de 10% da popula√ß√£o Portugal j√° fez mais de tr√™s milh√µes  desde o in√≠cio d‚Ä¶,616
13:9:42,Pernambuco registra 101 novos casos da Covid-19 e tr√™s mortes nas √∫ltimas 24 horas - Por D√°rcio Rabelo https://t.co/UFdp8yDg8j,617
13:9:44,Covid-19: Presidente do Brasil diz que vacina ser√° gratuita mas n√£o obrigat√≥ria - https://t.co/ErfcBZQM2j https://t.co/xhW0U48PoC,618
13:9:49,"RT @dw_brasil: ""Parece que Deus se esqueceu de mim!"" Fatima Negrini, de 108 anos, sobreviveu √† gripe espanhola, a duas guerras mundiais e a‚Ä¶",619
13:10:12,RT @uolconfere: UOL Confere: Texto exagera impacto da covid em resultado eleitoral no Cear√° https://t.co/d8O1FGBdw0  #UOLConfere,620
13:10:13,Gata no Mato Grosso √© primeiro animal do Brasil infectado com Covid-19 - https://t.co/K1imjrY31x,621
13:10:22,Covid-19: n√∫mero de casos no mundo passa marca de 40 milh√µes ‚Äì Correio do Brasil https://t.co/6XXEeA9eX3 via @correiodobrasil,622
13:10:23,RT @aosfatos: NO AR. Estudo de Yale n√£o deu 'n√≠vel de evid√™ncia 1' para tratamento de Covid-19 com hidroxicloroquina.  https://t.co/OMFT1WK‚Ä¶,623
13:10:31,Portugal - Covid-19: Professores do grupo de risco est√£o a regressar √†s escolas https://t.co/D79bQZkatn,624
13:10:31,"Milhares de pessoas se aglomeraram em um baile funk realizado na comunidade Vila Telma, na Zona Noroeste de Santos,‚Ä¶ https://t.co/0WtbKJzpDn",625
13:10:45,"RT @IzabellaCastr15: Pesquisa Datafolha em S√£o Paulo, Rio, BH e Recife mostra que mais de 75% dos entrevistados afirmam que querem se vacin‚Ä¶",626
13:10:52,"N√£o aceitam brasileiros na maior parte do mundo, gra√ßas ao descontrole da COVID aqui.",627
13:10:55,#CORONAV√çRUS | Brasil confirma primeiro caso de gato infectado pelo coronav√≠rus https://t.co/IQ4ITTfZwX https://t.co/bYyNGZ2b4H,628
13:10:55,#CORONAV√çRUS | Brasil confirma primeiro caso de gato infectado pelo coronav√≠rus https://t.co/XASziYHCSq https://t.co/MHm3gOQDYn,629
13:11:13,"RT @Karl_Marx_br: √â isso, grande Tenente, Comandante em chefe, ser supremo e sapiente defensor d seu povo. √ë permita q seu povo seja obriga‚Ä¶",630
13:11:35,Estudo comprova presen√ßa do coronav√≠rus no c√©rebro de¬†pacientes https://t.co/pRceDpTZuj,631
13:11:35,"RT @correio: Brasil registra primeiro caso de covid-19 em gato, no Mato Grosso.  Animal de estima√ß√£o de Cuiab√°, no Mato Grosso, teve teste‚Ä¶",632
13:11:41,"RT @lucas13gusmao: Galera que tem interesse em se voluntariar para testes da vacina contra o COVID-19 na UFMG, segue o link do formul√°rio:‚Ä¶",633
13:11:54,"RT @correio: Brasil registra primeiro caso de covid-19 em gato, no Mato Grosso.  Animal de estima√ß√£o de Cuiab√°, no Mato Grosso, teve teste‚Ä¶",634
13:12:7,"RT @GeovaniGSo: Desmascarando o lockdown!  Ah, n√£o, a m√°scara √© obrigat√≥ria...",635
13:12:16,"RT @partidonovo30: A Assembleia ga√∫cha aprovou o projeto da nossa bancada estadual, formada por @fabioostermann e @giusepperiesgo, que traz‚Ä¶",636
