17:58:26,"RT @MiguelNicolelis: O Brasil precisa se preparar j√° para a 2nda onda da COVID-19. √â preciso organizar-se a n√≠vel nacional: formar, treinar‚Ä¶",1
17:58:55,"@MarianaLosqui @carmelonetobr @mnunesvsc Que vacine quem quer.  Se as vacinas da covid-19 tiverem problemas, farmac‚Ä¶ https://t.co/efHmTHKycs",2
17:59:6,"Acess√≥ria do cantor Jorge Arag√£o informa que ele est√° internado na UTI com CoViD-19. N√£o h√° previs√£o de alta, mas o‚Ä¶ https://t.co/67z1ZS7hH7",3
17:59:15,RT @FabioIng: @DouglasGarcia CONTRA A OBRIGATORIEDADE DA VACINA CHINESA:  ENQUETE DO PL 4506/2020 - BIA KICIS  Proposta retira vacina√ß√£o co‚Ä¶,4
17:59:17,RT @crnathi_: feliz dia do m√©dico s√≥ pra quem n√£o prescreve kit covid,5
17:59:34,ao ministro da Educa√ß√£o o poder de escolher livremente reitores de universidades federais durante a pandemia de cov‚Ä¶ https://t.co/RyQjB9djBr,6
17:59:47,"Acessoria do cantor Jorge Arag√£o informa que ele est√° internado na UTI com CoViD-19. N√£o h√° previs√£o de alta, mas o‚Ä¶ https://t.co/dd6KZ6WbaA",7
18:0:3,"Covid-19: App StayAway Covid foi descarregada 2,28 milh√µes de vezes. Os n√∫meros s√£o de Marques Mendes https://t.co/mH7EZJ6cGh",8
18:0:5,"MAISLIDAS | Apesar de estarem entre os dez estados com o maior n√∫mero de v√≠timas fatais do novo coronav√≠rus, S√£o Pa‚Ä¶ https://t.co/cR5Vhv5r8c",9
18:0:5,#Coronav√≠rus: Fim do distanciamento pode provocar ‚Äús√≠ndrome da cabana‚Äù https://t.co/EGt5CPQPJX,10
18:0:6,üì≤ Acesse https://t.co/dubkRrq7Pt para informa√ß√µes di√°rias sobre a #Covid19 no Brasil. üáßüá∑ @minsaude #OCuidadoContinua https://t.co/QehkRz5ZE9,11
18:0:10,COVID-19 Veja n√∫meros da pandemia nas cidades da regi√£o. https://t.co/iOlP8afptz,12
18:0:11,"RT @ViviInUSA1: @MarcosQuezado1 No RN s√≥ tem petralha mesmo, sou l√° de Natal, eles compram votos. A maldita gopi q √© governadoida de l√°, pe‚Ä¶",13
18:0:27,Sambista Jorge Arag√£o est√° internado h√° uma semana em UTI com Covid-19.  https://t.co/aRMKGfYOiD,14
18:0:51,"RT @Ricamconsult: Hoje √† noite, no Dia do M√©dico, na antiga sede do Conselho Regional de Medicina do Estado de S√£o Paulo haver√° uma homenag‚Ä¶",15
18:1:1,"Fadiga, dor de cabe√ßa, altera√ß√µes de mem√≥ria e olfato: sintomas em pacientes leves de Covid persistem em 75% dos c.‚Ä¶ https://t.co/kNYyshqmQI",16
18:1:4,Amo√™do defende que vacina√ß√£o contra o novo coronav√≠rus seja obrigat√≥ria  https://t.co/5cLmG4P3Tu,17
18:1:7,Morreu de Covid-19 ‚Äúinfluencer‚Äù que n√£o acreditava na doen√ßa https://t.co/0PwN0BBPzU,18
18:1:7,Covid-19: Madeira com primeiro caso positivo em ‚Äúcontexto escolar‚Äú https://t.co/MtF9BH37sk,19
18:1:7,Estado do Rio passa dos 290 mil casos de Covid-19 desde o in√≠cio da pandemia https://t.co/BRLklmSCHZ,20
18:1:8,Covid-19. Marcelo faz ronda de reuni√µes com representantes da sa√∫de para chegar a consenso https://t.co/mRtrObQA1o,21
18:1:9,RT @GrupoMetropole: Salvador registra 64 novos casos de Covid-19 em 24 horas https://t.co/k5eniuaGkP,22
18:1:12,Amo√™do defende que vacina√ß√£o contra o novo coronav√≠rus seja obrigat√≥ria  https://t.co/sGeLNn3nnK,23
18:1:15,"SP registra 38 mil √≥bitos e 1,06 milh√£o casos de coronav√≠rus - Leia mais no site https://t.co/NdGWopOykX https://t.co/XAMWm7qTaL",24
18:1:44,Pelotas confirma 34 casos de coronav√≠rus no domingo  Cidade contabiliza at√© o momento 4.901 pessoas infectadas desd‚Ä¶ https://t.co/pLmzNxSRpP,25
18:1:48,Pelo sexto dia seguido T√≥quio registra mais de 100 casos de¬†covid-19 https://t.co/c0VvyAQaiV,26
18:2:1,It√°lia tem recorde de casos de covid-19... https://t.co/FvngXQsPos,27
18:2:6,Jorge Arag√£o est√° internado na UTI com¬†covid-19 https://t.co/xZNwtWgpEU,28
18:2:20,Jorge Arag√£o est√° internado na UTI com covid-19 https://t.co/qCLNWgMSoc,29
18:2:39,RN registra 1 √≥bito e 422 novos casos de coronav√≠rus nas √∫ltimas¬†24h https://t.co/YhirLErwJ2,30
18:2:39,"RT @0_C0RV0: Documentos internos do Partido Comunista Chin√™s mostram que pacientes em Wuhan tinham sintomas j√° em setembro de 2019, mas as‚Ä¶",31
18:2:40,"RT @ubiraleal: Do ponto de vista do Flamengo, repito o que disse neste v√≠deo de ontem  https://t.co/vNuHyBEhfG",32
18:2:49,"RT @dadourado: PS: A Lei 13.979/2020 sancionada em fevereiro, prev√™ que as autoridades ""poder√£o adotar"" uma s√©rie de medidas para enfrentam‚Ä¶",33
18:2:53,Pesquisa mapeia altera√ß√µes causadas pela Covid-19 em pacientes com quadros leves da doen√ßa https://t.co/ImmncK3Egn,34
18:3:5,Jorge Arag√£o √© internado com Covid em UTI no Rio https://t.co/celHmPa5t6 via @Revista F√≥rum,35
18:3:9,"RT @rjlsousa1978: @dadourado Em fevereiro deste ano, foi editada a Lei 13.979, sancionada pelo Bolsonaro. O art. 3o, III, da Lei determina‚Ä¶",36
18:3:10,Chegou o sem√°foro COVID unificado! Saiba como est√° a sua zona https://t.co/amZyrC94Sc https://t.co/zz8TdunK5U,37
18:3:30,"#ATUALIZA√á√ÉO | Pernambuco registra 106 novos casos e sete √≥bitos pela Covid-19, nas √∫ltimas 24h‚Ä¶ https://t.co/hq7HQV7k9A",38
18:3:30,"#ATUALIZA√á√ÉO | Pernambuco registra 106 novos casos e sete √≥bitos pela Covid-19, nas √∫ltimas 24h‚Ä¶ https://t.co/iBaPl0m8Bp",39
18:4:3,"üòÇü§£üòÇü§£ VAI VENDO...! Doria oferecer√° a Pazzuello, na quarta, 100 milh√µes de vacinas contra covid  Governador elogia o‚Ä¶ https://t.co/RV2jPbghNS",40
18:4:5,Segunda onda: It√°lia bate recorde de casos de coronav√≠rus pelo quinto dia seguido https://t.co/lO5KwcJsRf via @Revista F√≥rum,41
18:4:26,Jorge Arag√£o √© internado na UTI com pneumonia causada por covid-19 https://t.co/tQaeyz33bZ https://t.co/1UXwK2Mjpm,42
18:4:40,S√≥ queria a vicina da covid e uma resenha,43
18:4:44,RT @radioitatiaia: ‚öΩÔ∏è #Cruzeiro: zagueiro Manoel testou positivo pra Covid. Fora dos pr√≥ximos jogos. (Via @samuelvenancio),44
18:4:48,RT @Metropoles: O cantor Jorge Arag√£o testou positivo para Covid-19 e foi internado na Unidade de Terapia Intensiva (UTI) de um hospital na‚Ä¶,45
18:4:50,Tocantins tem 72.594 infectados e 1.044 mortes pela¬†Covid-19 https://t.co/G9wYvpjUi5,46
18:4:52,#Amo√™do defende vacina obrigat√≥ria para covid e isolamento para quem se opor. https://t.co/vh4kgAn72k,47
18:4:53,Pin√≥quio est√° tremendo pela concorr√™ncia.,48
18:5:3,"O chefe desta bosta @partidonovo30 est√° ao lado do #DoriaCorrupto contra o povo, como sempre.",49
18:5:19,Qual √© afinal a posi√ß√£o da OMS sobre o confinamento contra a¬†Covid-19? https://t.co/qjfz880s3y,50
18:5:20,"RT @MiguelNicolelis: O Brasil precisa se preparar j√° para a 2nda onda da COVID-19. √â preciso organizar-se a n√≠vel nacional: formar, treinar‚Ä¶",51
18:5:27,@Metropoles @euleodias Acho q a vida deve continuar! O mundo n√£o pode parar e o povo tem q viver! Quem tem medo do‚Ä¶ https://t.co/610eoypDAF,52
18:5:39,Influencer morre de Covid-19 ap√≥s dizer que v√≠rus n√£o existia https://t.co/SiN3lCeEMe https://t.co/Kgo7AZigWA,53
18:5:42,Grande movimento em pra√ßas de BH revela isolamento menos r√≠gido https://t.co/dcJhRn6UMd https://t.co/jY1k3RnccA,54
18:5:58,Desce pro saco????,55
18:6:5,RT @exame: Jorge Arag√£o est√° internado na UTI com¬†covid-19 https://t.co/xZNwtWgpEU,56
18:6:10,"Neste dia do m√©dico, quero me comprometer com os m√©dicos servidores p√∫blicos da nossa cidade. Gente que esteve na l‚Ä¶ https://t.co/PXbyeXPNp2",57
18:6:21,"RT @bossito: Marques Mendes, contador de downloads. https://t.co/Jj7C9lQNEP",58
18:6:21,"Assim como o governador de S√£o Paulo, Jo√£o Doria,  Jo√£o Amo√™do, fundador do partido Novo, defendeu neste domingo (1‚Ä¶ https://t.co/zEIp1puZ3P",59
18:6:22,"Pior √©poca para ter os Governos (Federal, Estadual e Municipal) que temor.   https://t.co/UPA5VfOkp0",60
18:6:54,Europa ultrapassa 250.000 mortes por covid-19 e tenta se proteger https://t.co/bsrFIPftNv via @YahooBr,61
18:7:22,Acho q a vida deve continuar! O mundo n√£o pode parar e o povo tem q viver! Quem tem medo do Covid.. 'fique em casa'‚Ä¶ https://t.co/iz7u9xCQZ5,62
18:8:8,RT @exame: Jorge Arag√£o est√° internado na UTI com¬†covid-19 https://t.co/xZNwtWgpEU,63
18:8:33,"RT @lucasidms: A fase do Cruzeiro √© um negocio inexplic√°vel, puta merda viu  Quando o MANOEL encaixa uma sequencia boa de jogos a√≠ o cara v‚Ä¶",64
18:8:51,"Covid: Ivermectina e HcQ reduzem mortalidade em pacientes graves, aponta estudo norte-americano https://t.co/J3onFYAvQq via @estudosn",65
18:8:59,Dados de covid-19 ficam inalterados em S√£o Mateus neste domingo https://t.co/IkXt1x3FIe,66
18:9:33,Jorge Arag√£o √© internado em UTI com Covid-19 | Rio de Janeiro | G1 https://t.co/gC1OmXUqZG,67
18:9:46,"Na sexta-feira (16), Doria (PSDB), afirmou que, quando a vacina contra o coronav√≠rus estiver dispon√≠vel, a imuniza√ß‚Ä¶ https://t.co/opg9UyQ6g9",68
18:9:59,"RT @brasildefato: MAISLIDAS | Apesar de estarem entre os dez estados com o maior n√∫mero de v√≠timas fatais do novo coronav√≠rus, S√£o Paulo, R‚Ä¶",69
18:10:23,"üáßüá∑ Brasil | 10.982 novos casos e 230 novas mortes por #coronavirus, pa√≠s tem agora 5.235.344 infectados e 153.905 √≥‚Ä¶ https://t.co/STkcEQsIc6",70
18:10:24,RT @brasil247: Cuba anuncia segunda vacina contra Covid-19 em fase de testes https://t.co/Te5yEqKHYa,71
18:10:55,RT @exame: Jorge Arag√£o est√° internado na UTI com¬†covid-19 https://t.co/xZNwtWgpEU,72
18:11:2,"RT @LiraNeto_: Aqui, na Europa, est√° claro que come√ßou a segunda onda. √çndices de contamina√ß√£o de Covid-19 s√≥ aumentam. Governos discutem c‚Ä¶",73
18:11:15,RT @canalCCore2: Bolsonaro tem raz√£o  A OMS acabou (acidentalmente) de confirmar que COVID n√£o √© mais perigoso que a gripe  https://t.co/99‚Ä¶,74
18:11:35,"chorei hj no trabalho lendo depoimentos de m√©dicos da linha de frente no combate ao covid, homenagem pelo dia do m√©‚Ä¶ https://t.co/qxssVzyn6o",75
18:11:41,"RT @PortalRP10: SP registra 38 mil √≥bitos e 1,06 milh√£o casos de coronav√≠rus - Leia mais no site https://t.co/NdGWopOykX https://t.co/XAMWm‚Ä¶",76
18:12:0,RT @CogLinus: Veja se voc√™ est√° na lista que pode pegar o covid e boa sorte ok ?,77
18:12:7,"Covid-19: A um dia dos 100 mil casos - o estado do surto em Portugal, em gr√°ficos e mapas https://t.co/7oKWcAuLZl https://t.co/YiEHcupxxY",78
18:12:13,"ü©∫ Neste domingo (18), √© o dia de homenagear essa profiss√£o, que durante todo esse tempo tem salvado vidas: √© o Dia‚Ä¶ https://t.co/hAPw21Au2v",79
18:12:17,Covid-19: Brusque registra 58¬™ morte pela doen√ßa; confira boletim completo: https://t.co/vaRV2w0xLR https://t.co/9Lr5SbVtTo,80
18:12:45,"Fadiga, dor de cabe√ßa, altera√ß√µes de mem√≥ria e olfato: sintomas em pacientes leves de Covid persistem em 75% dos ca‚Ä¶ https://t.co/4NoVk0iJnG",81
18:12:46,"RT @arturrodrigues: Muito boa a entrevista, com √≥timas perguntas e o candidato fugindo a todo custo de qualquer casca de banana.",82
18:12:49,Pazzuello n√£o aceite esta droga.,83
18:12:49,"Alemanha reporta 4.915 novos casos de coronav√≠rus, o maior n√∫mero j√° registrado em um domingo no pa√≠s desde o in√≠ci‚Ä¶ https://t.co/oegIi95P3S",84
18:12:54,Influenciador nega doen√ßa e depois morre v√≠tima de COVID-19  https://t.co/3Z8gIQjhBZ,85
18:12:58,Influenciador nega doen√ßa e depois morre v√≠tima de COVID-19  https://t.co/rWLzvIMEjC,86
18:13:3,M√©dia m√≥vel de mortes por Covid-19 no Brasil cai de novo e chega a 488. √â o menor n√∫mero desde 7 de maio. Dados for‚Ä¶ https://t.co/hwvBlz1SnP,87
18:13:4,RT @EuSouJair2022: Amo√™do defende vacina obrigat√≥ria para covid e isolamento para quem se opor https://t.co/ZN42Lctttk #VacinaObrigatoriaNa‚Ä¶,88
18:13:7,"Na entrada de cada unidade haver√° um totem de √°lcool em gel, tapete sanitizante e instru√ß√µes para o uso obrigat√≥rio‚Ä¶ https://t.co/lTFERF2ivA",89
18:13:17,"RT @Medicina_CFM: Neste Dia do M√©dico at√≠pico, em meio a pandemia de Covid-19, a necessidade de se priorizar a sa√∫de no pa√≠s tem se tornado‚Ä¶",90
18:13:27,"RT @MarrattS: @VianaJoceli @gabrovskii @MarcosQuezado1 @congemfoco Simbora.  Se a vacina n√£o der certo, tanto faz ue kkkk  Vai morrer de qu‚Ä¶",91
18:13:31,RT @UOL: Jorge Arag√£o √© internado com covid-19 em hospital no Rio de Janeiro https://t.co/m2MT3aIu8H,92
18:13:34,Paran√° registra duas mortes por covid-19 e mais 771 novos casos https://t.co/LihJgmV4hy,93
18:13:50,"RT @pauloganime: Ao obrigar a popula√ß√£o a tomar vacina restringimos sua liberdade de escolha. Assim como no caso das fake news, √© muito mai‚Ä¶",94
18:13:56,Boletim: Pernambuco registra 106 casos de Covid-19 e mais sete mortes - https://t.co/HAEAQOvJnt https://t.co/DEZwpQCKIz,95
18:14:6,Antibi√≥tico Covid(?) Bac... Deixa pra l√°,96
18:14:9,"N√£o sou bonzinho! como morreu bem feito, mas preferiria que tivesse ficado tetrapl√©gico dando trabalho para a fam√≠l‚Ä¶ https://t.co/FvcXxhWLzF",97
18:14:11,"""Pfizer n√£o recebeu retorno do Brasil sobre a vacina contra a covid-19""  https://t.co/rdqsFX4ZPW",98
18:14:22,Diretor do Hospital Cardiol√≥gico Costantini ressalta para os riscos das doen√ßas durante a pandemia  Em meio a pior‚Ä¶ https://t.co/tvm4YMbJk9,99
18:14:38,BORRAZ√ìPOLIS - Mais dois casos de Covid e o total passa a ser 105 https://t.co/jwcpBRmztJ https://t.co/O1HN1jRXnr,100
18:14:55,Detalhe que tecnicamente nem sa√≠mos da primeira,101
18:14:59,Bolsonaristas far√£o ato contra vacina contra o coronav√≠rus https://t.co/QGMspMKUsU,102
18:15:5,Jorge Arag√£o est√° internado na UTI com covid-19  https://t.co/SXUe3bHdCD,103
18:15:8,RT @blogdoberimbau: BORRAZ√ìPOLIS - Mais dois casos de Covid e o total passa a ser 105 https://t.co/jwcpBRmztJ https://t.co/O1HN1jRXnr,104
18:15:15,Governo Bolsonaro ignora vacina em fase de testes mais avan√ßada https://t.co/cLbJwrQ1G9 O cego segue as orienta√ß√µes do Trump.,105
18:15:21,Para√≠ba confirma oito √≥bitos por covid-19 neste domingo e tem 42% dos leitos de UTI adultos para a doen√ßa ocupadas. https://t.co/65YtWyfrYh,106
18:15:35,Mais 37 casos de covid-19 confirmados em Feira de Santana https://t.co/5AOJkL3OFK,107
18:15:40,RT @munizpapamike: Voc√™ √© a favor da obrigatoriedade da vacina contra a Covid?,108
18:15:43,Covid-19: Blumenau registra 50 novos casos neste domingo; confira boletim: https://t.co/Uyq8lk1slZ https://t.co/jTYWO9T30j,109
18:15:44,"@vogadismo O coroa tava com pneumonia, e j√° tinha feito teste pra covid e deu negativo. Uma enfermeira que fazia co‚Ä¶ https://t.co/yav82W5BI0",110
18:15:46,Dia do m√©dico: Imagens de mortos por Covid-19 ser√£o projetadas em pr√©dio de¬†SP https://t.co/DXfLPaGIfb,111
18:16:37,"RT @brasildefato: MAISLIDAS | Apesar de estarem entre os dez estados com o maior n√∫mero de v√≠timas fatais do novo coronav√≠rus, S√£o Paulo, R‚Ä¶",112
18:16:47,Jorge Arag√£o √© internado em UTI com Covid-19 https://t.co/1lPdqLSfbE https://t.co/ptvE3tIt0V,113
18:16:48,"Boletim do Covid-19 de hoje, 18 de outubro, de Foz do Igua√ßu registra 47 novos¬†casos https://t.co/60oJzNnDCA",114
18:16:54,"""Quero compartilhar como fiquei doente e alertar fortemente a todos. Eu pensava que covid n√£o existia... at√© que fi‚Ä¶ https://t.co/ImjRdPu7Wq",115
18:17:0,O influenciador fitness que morreu de COVID ap√≥s negar exist√™ncia da doen√ßa https://t.co/BLlZt6aLSv,116
18:17:12,"RT @Biakicis: Pe√ßa a seu (sua)deputado (a)que assine a urg√™ncia do PL4506, de minha autoria, p/ pautar esse PL que retira a obrigatoriedade‚Ä¶",117
18:17:21,Ah vai tomar no cu esse ano desgra√ßado,118
18:17:26,"RT @andrefran: Que roteiro tr√°gico da Bol√≠via. Golpe, viol√™ncia, B√≠blia invadindo Congresso, trag√©dia na pandemia, presidenta com Covid, mi‚Ä¶",119
18:17:35,RT @Estadao: Jorge Arag√£o est√° internado na UTI com covid-19  https://t.co/SXUe3bHdCD,120
18:17:46,"RT @depjoaodanielpt: Nesta data gostaria de homenagear os m√©dicos e m√©dicas, que neste ano est√£o enfrentando um dos maiores desafios: estar‚Ä¶",121
18:18:5,Uma morte por coronav√≠rus nas √∫ltimas 24 horas em Santa Catarina https://t.co/5A8c8uQsnI https://t.co/E5aCAeNMZv,122
18:18:7,RT @Profe_Hellen: Muita for√ßa querido @jorgearagao  Teu povo ora por ti. https://t.co/MeOKwOhB4p,123
18:18:15,RT @pauloteixeira13: Meus cumprimentos √†s m√©dicas e aos m√©dicos pelo seu dia. Em especial para aquela(e)s que foram para linha de frente no‚Ä¶,124
18:18:18,RT @Vitor__RJ: Influenciador ucraniano morre de covid-19 ap√≥s dizer que doen√ßa n√£o existia https://t.co/VSs7I9wqvJ via @UOLNoticias @UOL,125
18:18:31,RT @pauloteixeira13: Meus cumprimentos √†s m√©dicas e aos m√©dicos pelo seu dia. Em especial para aquela(e)s que foram para linha de frente no‚Ä¶,126
18:18:35,Segunda onda: It√°lia tem recorde de casos de covid-19. https://t.co/l8bqYWW8Tx,127
18:19:8,RT @nevesvictor: For√ßa √≠dolo!!,128
18:19:11,COVID-19 tamb√©m faz isso. #fiqueemcasa em S√£o Lu√≠s Island https://t.co/wHRmNnT7iI,129
18:19:21,Eu tamb√©m defendo vacina√ß√£o e isolamento permanente apenas para as comunas...,130
18:19:23,RT @radiobandnewsfm: üò∑ EXCLUSIVO!   A Pfizer ainda n√£o recebeu um retorno do governo federal sobre a proposta para distribui√ß√£o das vacinas‚Ä¶,131
18:19:31,No mundo. De cada 40 casos de Covid-19 temos mais de 1 morte. √â perigoso.,132
18:19:46,Bruna Marquezine revela que j√° teve Covid-19... https://t.co/8XMseuQuVI,133
18:19:46,"@mariosbessa Eu politizar? Quem falou no ""rem√©dio contra a mal√°ria comprovadamente ineficaz (?) contra a Covid""?  M‚Ä¶ https://t.co/cugyLG0DqD",134
18:19:59,RT @augustodefranco: No mundo. De cada 40 casos de Covid-19 temos mais de 1 morte. √â perigoso.,135
18:20:5,"Covid-19: ES registra 3.713 mortes e chega a 144.415 casos ‚û°Ô∏èhttps://t.co/319ZFi7Lls  No intervalo de 24 horas,  qu‚Ä¶ https://t.co/XQhIgzieem",136
18:20:24,"RT @gazeta_brasil: #Amo√™do defende vacina obrigat√≥ria para covid e isolamento para quem se opor. Para o fundador do partido Novo, aqueles q‚Ä¶",137
18:20:30,"Marques Mendes: StayAway Covid obrigat√≥ria seria ‚Äúlei parcial, que consagrava portugueses de primeira e de segunda‚Äù https://t.co/N666fQFtbG",138
18:20:38,Alagoinhas soma 5.931 casos confirmados de Covid-19 https://t.co/YYmV2ystjE,139
18:20:52,RT @Estadao: Jorge Arag√£o est√° internado na UTI com covid-19  https://t.co/SXUe3bHdCD,140
18:20:54,"RT @MarcosQuezado1: Doria oferecer√° a Pazzuello, na quarta, 100 milh√µes de vacinas contra covid. Governador elogia o ministro e explica a v‚Ä¶",141
18:20:56,Esp√≠rito Santo regitra 4 novas mortes de 461 casos de coronav√≠rus neste domingo https://t.co/1AmVRAc9nB,142
18:21:3,It√°lia bate recorde de casos de Covid-19 pelo quinto dia seguido https://t.co/PjsJB5mcY9,143
18:21:14,RT @exame: Jorge Arag√£o est√° internado na UTI com¬†covid-19 https://t.co/xZNwtWgpEU,144
18:21:26,RT @Pattypschmidt: Preciasamos arrancar a esquerda do Munic√≠pios e Estados j√°!!! #MarisaLobo70 https://t.co/uqlqKfz2iP,145
18:21:28,Amo√™do defende vacina obrigat√≥ria para covid e isolamento para quem se opor https://t.co/DwlyPFBz9r via @A Gazeta B‚Ä¶ https://t.co/GvC6O5awjE,146
18:21:32,RT @brasil247: Omiss√£o criminosa https://t.co/UZa6U9qCOZ,147
18:21:32,Goi√°s tem 5.374 mortes e 236.814 casos confirmados de Covid-19 - https://t.co/MFm8Ak3FBx,148
18:21:32,"C√™ levantou um ponto que eu reparei com o tempo do Caio Ribeiro.  Os amigos ele sempre tem aquela cr√≠tica branda, p‚Ä¶ https://t.co/N70CG0ab5r",149
18:21:32,Bruna Marquezine revela que j√° teve Covid-19... https://t.co/kY5EATcQcR,150
18:21:37,RT @Teresa_Crystyna: A pandemia n√£o acabou..  as pessoas apenas perderam a vergonha na cara https://t.co/6CSIclqW1L,151
18:21:38,"Marques Mendes: StayAway Covid obrigat√≥ria seria ‚Äúlei parcial, que consagrava portugueses de primeira e de segunda‚Äù‚Ä¶ https://t.co/K2qx2xXrCN",152
18:21:39,"Ficamos mal acostumados com o ano passado..Tristes ao ver o JJ partir. Perdemos a paci√™ncia com as mudan√ßas, time f‚Ä¶ https://t.co/j9ekJZ9Si6",153
18:21:49,RT @Estadao: Jorge Arag√£o est√° internado na UTI com covid-19  https://t.co/SXUe3bHdCD,154
18:21:50,Covid-19: Bahia registra 654 casos e 28 √≥bitos nas √∫ltimas 24 horas https://t.co/PCPFIrmhHf,155
18:21:51,Amazonas registra mais 411 novos casos de Covid e sete mortes  https://t.co/U6kvV34BYT  #D24AM‚Ä¶ https://t.co/V8cRM3jjGf,156
18:21:55,"Dia 01/11 eu vou! #ForaDoria Doria oferecer√° a Pazzuello, na quarta, 100 milh√µes de vacinas contra covid via‚Ä¶ https://t.co/XmQdZdye7r",157
18:22:20,"RT @Ricamconsult: Hoje √† noite, no Dia do M√©dico, na antiga sede do Conselho Regional de Medicina do Estado de S√£o Paulo haver√° uma homenag‚Ä¶",158
18:22:25,Previna o aumento de peso em tempos de COVID-19 com a avalia√ß√£o¬†nutrigen√©tica https://t.co/3rGTSuG8xC,159
18:22:29,RT @radiobandnewsfm: üò∑ EXCLUSIVO!   A Pfizer ainda n√£o recebeu um retorno do governo federal sobre a proposta para distribui√ß√£o das vacinas‚Ä¶,160
18:22:36,"RT @jornalodia: Na entrada de cada unidade haver√° um totem de √°lcool em gel, tapete sanitizante e instru√ß√µes para o uso obrigat√≥rio de m√°sc‚Ä¶",161
18:22:37,A √∫nica maneira de ser respeitado 1 minuto de sil√™ncio nos est√°dios brasileiros foi a obriga√ß√£o dos port√µes fechado‚Ä¶ https://t.co/RYVIjxGUmL,162
18:22:49,RT @Estadao: Jorge Arag√£o est√° internado na UTI com covid-19  https://t.co/SXUe3bHdCD,163
18:23:17,"RT @Medicina_CFM: Neste Dia do M√©dico at√≠pico, em meio a pandemia de Covid-19, a necessidade de se priorizar a sa√∫de no pa√≠s tem se tornado‚Ä¶",164
18:23:20,Cuba anuncia segunda vacina contra o coronav√≠rus https://t.co/AxBuTglbZd,165
18:23:45,RT @brasil247: Cuba anuncia segunda vacina contra Covid-19 em fase de testes https://t.co/Te5yEqKHYa,166
18:23:50,Jorge Arag√£o √© internado em UTI com Covid-19 =====&gt;https://t.co/FMcex0bF1C,167
18:23:52,RT @brasil247: Cuba anuncia segunda vacina contra Covid-19 em fase de testes https://t.co/Te5yEqKHYa,168
18:24:0,Cuba anuncia segunda vacina contra o coronav√≠rus https://t.co/9YTwSf5sb7,169
18:24:7,"Coronav√≠rus em SC: Estado confirma 235.159 casos, 223.962 recuperados e 2.967 mortes por Covid-19... https://t.co/VAtHnbyx7E",170
18:24:10,Elei√ß√µes 2020: Medo de Covid-19 pode afastar eleitores das urnas https://t.co/qP7gHJiQi6,171
18:24:26,"@Douglas66482993 @amandamoraes500 @Gustavo_Paim Explico: √âtico √© o vice prefeito Gustavo Paim, MEU CANDIDATO, os de‚Ä¶ https://t.co/sToWotZhH9",172
18:24:29,Cantor Jorge Arag√£o est√° internado em UTI com covid-19... https://t.co/yb5iletxN3,173
18:24:36,"Covid-19, Bahia: 335.351 casos confirmados desde o in√≠cio da pandemia, 321.266 considerados curados, 6.769 ativos https://t.co/M1MA9bb3FF",174
18:24:52,"Eu gostaria de saber quantos desses mortos s√£o imigrantes.  Europa tem mais de 250 mil mortes por Covid-19, diz ag√™‚Ä¶ https://t.co/k7Mai49Xlw",175
18:24:58,Coronav√≠rus 18 Out. (iG) 10.982 novos casos e 230 √≥bitos. Em 18 dias de outubro s√£o 383.555 casos. Nos √∫ltimos 18 d‚Ä¶ https://t.co/tL4VDf54Dx,176
18:25:0,"RT @Medicina_CFM: Neste Dia do M√©dico at√≠pico, em meio a pandemia de Covid-19, a necessidade de se priorizar a sa√∫de no pa√≠s tem se tornado‚Ä¶",177
18:25:11,PORTUGAL | CORONAV√çRUS https://t.co/WIFx2IEqJf Estudo envolveu mais de 11 mil pessoas em 30 pa√≠ses. Covid-19: Antiv‚Ä¶ https://t.co/uKJ71WMS4O,178
18:25:36,"Pernambuco tem 156.029 casos da Covid-19 e 8.487 mortes, depois de registrar mais 106 infectados e sete √≥bitos =&gt;‚Ä¶ https://t.co/3P9KcrIeVO",179
18:25:50,"O jogo de hoje me fez pensar numa coisa, se n√£o fosse o covid, a gente tinha metido uns 4 nos porcos la no estadio deles...",180
18:25:50,@manudinho Para eles n√£o fazem diferen√ßa afinal Covid n√£o d√° em gado üòÇ,181
18:25:55,Situa√ß√£o preocupante! Jorge Arag√£o est√° internado na UTI com covid-19 https://t.co/mV4jUPgMae https://t.co/KopCSASvYQ,182
18:26:26,Pernambuco registra 106 novos casos e 7 √≥bitos por covid-19 em 24 horas https://t.co/ICAANyXVLY https://t.co/yE3EhNx08a,183
18:26:28,RT @Pattypschmidt: Preciasamos arrancar a esquerda do Munic√≠pios e Estados j√°!!! #MarisaLobo70,184
18:26:29,RT @g1rio: Jorge Arag√£o √© internado em UTI com Covid-19 =====&gt;https://t.co/FMcex0bF1C,185
18:26:37,"@mlmorais Sim, tomo a vacina contra influenza, a vacina dos velhinhos contra a gripe forte, mas ela √© muito antiga‚Ä¶ https://t.co/WdRJt45zB0",186
18:26:58,RT @brasil247: Cuba anuncia segunda vacina contra Covid-19 em fase de testes https://t.co/Te5yEqKHYa,187
18:27:9,Estudo comprova presen√ßa do coronav√≠rus no c√©rebro de¬†pacientes https://t.co/rccuJDULOT,188
18:27:13,RT @em_com: Influenciador nega doen√ßa e depois morre v√≠tima de COVID-19  https://t.co/rWLzvIMEjC,189
18:27:38,"COVID-19: 20% das pessoas perdem anticorpos da doen√ßa em alguns meses, diz especialista https://t.co/hLGyVB1uo8 https://t.co/N7sYXeURiT",190
18:28:0,N√£o  √©  Desvio  √©  Roubo  vc Pol√≠tico que Desviou  Recursos Da Covid 19 Vc Roubou VC  √©  um LADR√ÉO  da Pior esp√©cie‚Ä¶ https://t.co/nRylK9iXmO,191
18:28:4,Os tratamentos que hoje efetivamente ajudam na recupera√ß√£o da Covid-19 https://t.co/8wLCw840Ge https://t.co/bHi2UxszPH,192
18:28:8,"#Destaques #GuanambieRegi√£o #Sa√∫de Sem comorbidades, homem de 47 anos √© a s√©tima v√≠tima da Covid-19 em Guanambi‚Ä¶ https://t.co/A8X0MKTkfJ",193
18:28:9,"Sem comorbidades, homem de 47 anos √© a s√©tima v√≠tima da Covid-19 em Guanambi https://t.co/jFpEE1m8TK #Destaques‚Ä¶ https://t.co/2WzdfM7vrs",194
18:28:35,RT @Estadao: Jorge Arag√£o est√° internado na UTI com covid-19  https://t.co/SXUe3bHdCD,195
18:28:43,JORGE ARAG√ÉO EST√Å EM UTI COM COVID-19 E RESPONDE TEM AO TRATAMENTO #Cultura https://t.co/SQG4A9xnKf,196
18:28:52,"EUA passam de 8 milh√µes de infectados, c/70 mil casos num dia, maior n¬∫ desde julho. Mapa do mundo aponta Alemanha,‚Ä¶ https://t.co/tComI28lfr",197
18:28:55,RT @palmeriodoria: √â pra j√° https://t.co/gJKxmGFFl1,198
18:28:56,"""Invis√≠veis em vida e em morte"": pa√≠s n√£o sabe quantos imigrantes morreram por covid Falta de dados faz popula√ß√£o m‚Ä¶ https://t.co/33M5x1DigZ",199
18:29:3,Estamos em uma democracia!  https://t.co/k7i7WEE5Bf,200
18:29:15,"RT @MiguelNicolelis: O Brasil precisa se preparar j√° para a 2nda onda da COVID-19. √â preciso organizar-se a n√≠vel nacional: formar, treinar‚Ä¶",201
18:29:35,Paran√° tem duas mortes e 771 novos casos de Covid-19 https://t.co/ul8JytzlOi,202
18:30:0,RT @elenalandau: Ok. Ent√£o quem n√£o quiser tomar vacina que exer√ßa sua liberdade de ficar em casa e pais n√£o mandem seus filhos com sarampo‚Ä¶,203
18:30:5,GZH publicou o relato de profissionais da sa√∫de e acompanhou a rotina de m√©dicos e enfermeiros que lutam desde o in‚Ä¶ https://t.co/bFZdZJ4ZU5,204
18:30:5,"Mesmo com proibi√ß√£o por causa da Covid-19, pol√≠cia flagra festa com mais de 500 pessoas em SC‚Ä¶ https://t.co/11u6An6FxJ",205
18:30:7,"O Cear√° n√£o registrou nenhuma morte por Covid-19 nas √∫ltimas 24 horas. √â o que apontou a plataforma IntegraSUS, do‚Ä¶ https://t.co/dqzPA8yGEN",206
18:30:27,Covid-19: It√°lia regista novo recorde di√°rio de infe√ß√µes com 11.705  https://t.co/8zQZsiq3oz   @24sapo https://t.co/BsJrTb2TRb,207
18:30:29,Covid-19: Bahia ultrapassa 335 mil casos e tem 7.316 mortes - Jornal CORREIO https://t.co/W59N7qW9yv,208
18:30:32,"RT @MiguelNicolelis: O Brasil precisa se preparar j√° para a 2nda onda da COVID-19. √â preciso organizar-se a n√≠vel nacional: formar, treinar‚Ä¶",209
18:30:33,It√°lia regista novo recorde di√°rio de infe√ß√µes com 11.705 https://t.co/zcTjFecaqA,210
18:30:37,Queda acontece na semana em que cidades que somam 75% da popula√ß√£o do estado avan√ßaram juntas para a fase verde do‚Ä¶ https://t.co/OwWy0Byf9y,211
18:30:39,Jorge Arag√£o est√° internado com Covid-19 em UTI no Rio de Janeiro #G1  ‚ñ∂ https://t.co/CczgwaYjrr https://t.co/Gis0JqCgm4,212
18:30:39,"A m√©dia m√≥vel de mortes por Covid-19 no Distrito Federal caiu para 17,3 neste domingo (18/10). √â a segunda queda co‚Ä¶ https://t.co/NC9YjsLYcM",213
18:30:44,Influenciador ucraniano morre de covid-19 ap√≥s dizer que doen√ßa n√£o existia https://t.co/JVQ2s2q9CE via @UOLNoticias @UOL,214
18:30:49,"RT @AiltonBenedito: ‚ÄúMeu corpo, minhas regras!‚Äù",215
18:30:57,"Aumento da COVID-19 na Europa √© grande preocupa√ß√£o, afirma chefe regional da OMS | As Na√ß√µes Unidas ... (https://t.co/QdFGtEaE7e)",216
18:30:59,Segunda onda de coronav√≠rus: qual √© afinal a posi√ß√£o da OMS sobre o confinamento contra a COVID-19?‚Ä¶ https://t.co/FAYAvXjAZG,217
18:31:1,"Quer dizer que o governador do Rio Grande do Sul foi altamente incompetente no combate √† COVID???  ""RS tem 5,3 mil‚Ä¶ https://t.co/Zpq1AudcLR",218
18:31:7,Dedicar a vida para cuidar do outro √© um ato de amor. Os profissionais de sa√∫de sempre foram her√≥is e a pandemia re‚Ä¶ https://t.co/XI9UfsRgnN,219
18:31:7,Bruna Marquezine revela que teve Covid-19: 'Muito cruel comigo' https://t.co/Matd3HmZmg,220
18:31:10,"Covid-19. ‚ÄúGoverno anunciou medidazinhas, fica a sensa√ß√£o de que s√£o insuficientes e tardias‚Äú https://t.co/tyniRsLR1S",221
18:31:20,"RT @LairaGVieira: Acenando para as pessoas q se curaram d Covid, usando cloroquina.",222
18:31:22,Jorge Arag√£o est√° internado com Covid-19 em UTI no Rio de Janeiro #G1  ‚ñ∂ https://t.co/WBgYBcgBFt https://t.co/rLeAZc0CPc,223
18:31:23,"Com Covid-19, Jorge Arag√£o est√° internado na UTI #msnbrasil https://t.co/vUkuXF4sPZ",224
18:31:23,Covid-19: GP de Portugal de F1 dever√° ser reduzido a 27.500 espetadores https://t.co/KdC7wfmqRd,225
18:31:35,"Escala√ß√£o do @Paysandu para o jogo em andamento contra o @VilaNovaFC.  Paulo Ricardo; Tony, Micael, Perema e Bruno‚Ä¶ https://t.co/S8nBz39yd8",226
18:31:39,"RT @ApoemaLu: ""Invis√≠veis em vida e em morte"": pa√≠s n√£o sabe quantos imigrantes morreram por covid Falta de dados faz popula√ß√£o migrante n√£‚Ä¶",227
18:31:43,Estudo brasileiro comprova presen√ßa do coronav√≠rus no c√©rebro de pacientes contaminados  https://t.co/3j5gpgaQiY,228
18:31:46,SC registra um √≥bito e 394 novos casos de Covid-19 neste domingo  https://t.co/6Kk4I0qP0c  #informeblumenau‚Ä¶ https://t.co/yHRUV5i3ae,229
18:31:49,"RT @g1: Mesmo com proibi√ß√£o por causa da Covid-19, pol√≠cia flagra festa com mais de 500 pessoas em SC https://t.co/yvj4UKRhAT #G1 https://t‚Ä¶",230
18:31:55,RT @MariaAu32664225: Bolsonaristas far√£o ato contra vacina contra o coronav√≠rus https://t.co/QGMspMKUsU,231
18:31:55,Festas causam aglomera√ß√£o em BH e s√£o encerradas por Guarda Municipal https://t.co/iLZvsfOlRE https://t.co/UBFIGtYyi0,232
18:31:59,Bruna Marquezine revela que j√° teve Covid-19... https://t.co/h1gCB4akO9,233
18:32:13,RT @Teresa_Crystyna: A pandemia n√£o acabou..  as pessoas apenas perderam a vergonha na cara,234
18:32:22,RT @cirogomes: Dedicar a vida para cuidar do outro √© um ato de amor. Os profissionais de sa√∫de sempre foram her√≥is e a pandemia refor√ßou o‚Ä¶,235
18:32:37,Brasil ora por Jorge Arag√£o; cantor foi internado √†s pressas com pneumonia decorrente da Covid-19 https://t.co/nlVbQk0AVm,236
18:32:56,"RT @brasildefato: MAISLIDAS | Apesar de estarem entre os dez estados com o maior n√∫mero de v√≠timas fatais do novo coronav√≠rus, S√£o Paulo, R‚Ä¶",237
18:33:26,@FernandoMagno 154 mil mortos n√£o significam nada? Curioso √© que exatamente nos 2 pa√≠ses c/maior n¬∫ de mortos por C‚Ä¶ https://t.co/79haGidhTw,238
18:33:26,"RT @Pr_Magela: A discuss√£o que nos remete ao atraso, a idade das trevas: tomar ou n√£o vacina contra a Covid-19? Meus pais e av√≥s foram mais‚Ä¶",239
18:33:32,"RT @AlessandroLoio2: ""AIN, O STF RETIROU DO PR @jairbolsonaro O PODER DE INTERVIR NOS ESTADOS CONTRA O COVID, E PASSOU TUDO PARA OS GOVERNA‚Ä¶",240
18:33:33,RT @Teresa_Crystyna: A pandemia n√£o acabou..  as pessoas apenas perderam a vergonha na cara https://t.co/6CSIclqW1L,241
18:33:46,Pode n√£o ter compaix√£o n√©?   Influenciador fitness morre de covid-19 ap√≥s duvidar da doen√ßa https://t.co/qqMSjOebmP,242
18:34:2,Povo perdeu o medo de morrer mesmo,243
18:34:5,"H√° 235.159 casos confirmados de Covid-19 em #SantaCatarina. Desses, 223.962 s√£o considerados recuperados e 8.230 co‚Ä¶ https://t.co/bXN4koDhfd",244
18:34:7,MARING√Å PR - COVID-19 - 18/10/2020 COVID j√° matou 14 em outubro em Maring√°. Cidade registrou  1 √≥bito e 55 novos co‚Ä¶ https://t.co/OaS90ktOMs,245
18:34:13,RT @sonia_divinaa: Influencer morre de Covid-19 ap√≥s defender que a doen√ßa ‚Äún√£o existia‚Äù https://t.co/yCQzVreP01,246
18:34:14,RT @dogarrett: Quanta ignor√¢ncia em um s√≥ tuite. NUNCA na hist√≥ria alcan√ßamos imunidade de rebanho sem vacina - mesmo p doen√ßas c imunidade‚Ä¶,247
18:34:21,Domingo (18): Mato Grosso registra 135.950 casos e 3.717 √≥bitos por Covid-19... https://t.co/W0byVzbngS,248
18:34:27,RT @UOLNoticias: Influenciador ucraniano morre de covid-19 ap√≥s dizer que doen√ßa n√£o existia https://t.co/4wBudmdppv,249
18:34:33,"RT @MubarakLuiza: O Covid 19 acabou com todas as doen√ßas do Brasil, agora veio as elei√ß√µes e acabou com o Covid 19ü§¶üèª‚Äç‚ôÄÔ∏è",250
18:34:36,Domingo (18): Mato Grosso registra 135.950 casos e 3.717 √≥bitos por Covid-19... https://t.co/KlzCjsIA7b,251
18:34:45,"V√≠tima da covid, Jorge Arag√£o √© internado em UTI no Rio https://t.co/SosT7zPEJj",252
18:34:51,"A nova fase do COVID-19, a segunda onda, est√° vindo para o Brasil, N√£o Vacile, se previne usando m√°scara direto e m‚Ä¶ https://t.co/Zy53S4MMvs",253
18:34:51,"RT @MiguelNicolelis: O Brasil precisa se preparar j√° para a 2nda onda da COVID-19. √â preciso organizar-se a n√≠vel nacional: formar, treinar‚Ä¶",254
18:34:55,RT @Estadao: Jorge Arag√£o est√° internado na UTI com covid-19  https://t.co/SXUe3bHdCD,255
18:34:58,@Biacerbi @teresinhalopes @tarcisiogdf E Me diga o que √© que ele poderia ter feito se o STF tirou dele e passou par‚Ä¶ https://t.co/3awU1uahC2,256
18:35:4,"RT @EuclidesFla: Flamengo: 8 partidas, 82 desfalques, surto de coronav√≠rus, eliminat√≥rias, jogos a cada 48 horas e aproveitamento de 83% ht‚Ä¶",257
18:35:27,"@Douglas66482993 @amandamoraes500 @Gustavo_Paim Ai, expliquei a Amanda, que o $$$$ vindo do Presidente para Covid a‚Ä¶ https://t.co/Wpge0ai6QJ",258
18:35:36,Covid-19: It√°lia endurece medidas em dia de recorde de casos https://t.co/4tuapRma68,259
18:35:46,Coronav√≠rus na Bahia: n√∫mero de casos chega a 335.351 com 7.316¬†mortes https://t.co/H1sDWANo55,260
18:35:59,"Covid-19: Estado de SP registra 38.020 √≥bitos, 1.063.602 casos confirmados e 947.608 recuperados - Leia Not√≠cias https://t.co/B6AoBxYYhU",261
18:36:1,"RT @JornalOGlobo: Ap√≥s controlar Covid, Jacinda Ardern tem vit√≥ria esmagadora em elei√ß√µes na Nova Zel√¢ndia https://t.co/uS6xy1LDxO",262
18:36:3,"Minimizada pelo governo Bolsonaro, a Covid-19 segue fazendo v√≠timas em todo o Brasil. O cantor Jorge Arag√£o est√° in‚Ä¶ https://t.co/35bwQCnB65",263
18:36:7,"RT @SamPancher: Ao obrigar a popula√ß√£o a n√£o cometer homic√≠dio restringimos sua liberdade de escolha. Assim como no caso das fake news, √© m‚Ä¶",264
18:36:14,RT @InesBrasilTV: N√£o tem coronav√≠rus,265
18:36:20,"Hospital informou que o sambista apresenta boa resposta ao tratamento, mas sem previs√£o de alta. #NoArNACBN    https://t.co/heJOOm6Bml",266
18:36:20,"RT @CaioLMacedo: Em √©poca de pandemia e a consequ√™ncia do avan√ßo do totalitarismo nas cidades Brasileiras, eu fico com a LIBERDADE! Nunca f‚Ä¶",267
18:36:32,#SobPressaoPlantaoCovid  Plant√£o covid https://t.co/HtTUlyvEoW,268
18:37:10,RT @palmeriodoria: √â pra j√°,269
18:37:21,RT @cirogomes: Dedicar a vida para cuidar do outro √© um ato de amor. Os profissionais de sa√∫de sempre foram her√≥is e a pandemia refor√ßou o‚Ä¶,270
18:37:35,"RT @CoronavirusAL: üáßüá∑ Brasil | 10.982 novos casos e 230 novas mortes por #coronavirus, pa√≠s tem agora 5.235.344 infectados e 153.905 √≥bitos‚Ä¶",271
18:37:41,"INTERNADO NA UTI - Aos 71 anos, Jorge Arag√£o, que integrou a forma√ß√£o original do grupo Fundo de Quintal, ao lado d‚Ä¶ https://t.co/dHfht9B5l5",272
18:37:57,RT @cirogomes: Dedicar a vida para cuidar do outro √© um ato de amor. Os profissionais de sa√∫de sempre foram her√≥is e a pandemia refor√ßou o‚Ä¶,273
18:38:14,"RT @CoronavirusAL: üáÆüáπ It√°lia | 11.705 novos casos e 69 novas mortes por #coronavirus, pa√≠s tem agora 414.241 infectados e 36.543 √≥bitos.  Q‚Ä¶",274
18:38:19,RT @CoronavirusAL: Fonte ‚§µÔ∏è  https://t.co/8p40ehyxeW,275
18:38:23,"RT @IVG2909: Agrade√ßo muito a todas e todos que puderem, por dois minutos, ver este v√≠deo e, assim, emprestar seu apoio aos funcion√°rios do‚Ä¶",276
18:38:40,"RT @g1: Mesmo com proibi√ß√£o por causa da Covid-19, pol√≠cia flagra festa com mais de 500 pessoas em SC https://t.co/yvj4UKRhAT #G1 https://t‚Ä¶",277
18:38:41,"RT @MiguelNicolelis: O Brasil precisa se preparar j√° para a 2nda onda da COVID-19. √â preciso organizar-se a n√≠vel nacional: formar, treinar‚Ä¶",278
18:38:45,"Com covid-19, Jorge Arag√£o √© internado e est√° na UTI de hospital no Rio Familiares contaram que ele tem que reagido‚Ä¶ https://t.co/GpSxmJ0fBI",279
18:38:57,Estado do RJ tem mais 50 mortes por covid-19 em 24h; total de √≥bitos vai a 19.765 https://t.co/0jR1qpMa6F via @noticiaaominutobr,280
18:38:58,"RT @senadorhumberto: Minimizada pelo governo Bolsonaro, a Covid-19 segue fazendo v√≠timas em todo o Brasil. O cantor Jorge Arag√£o est√° inter‚Ä¶",281
18:39:1,RT @marisa_lobo: O que pensa a candidata a prefeita de Curitiba sobre a Vacina do Covid-19 ???  #MarisaLobo70 #DamadeferroCWB #CuritibaGran‚Ä¶,282
18:39:11,RT @g1rio: Jorge Arag√£o √© internado em UTI com Covid-19 =====&gt;https://t.co/FMcex0bF1C,283
18:39:13,"Com covid-19, Jorge Arag√£o √© internado e est√° na UTI de hospital no Rio  Familiares contaram que ele tem que reagid‚Ä¶ https://t.co/Os9j42Uugr",284
18:39:23,"O Twitter removeu um tweet ""enganoso"", que minimizava a efic√°cia das m√°scaras, postado por Scott Atlas, importante‚Ä¶ https://t.co/EnT3B9GTFN",285
18:39:37,"Jorge Arag√£o,¬†de 71 anos, est√° quadro de pneumonia viral devido ao novo¬†coronav√≠rus. Desde a √∫ltima ter√ßa-feira, 13‚Ä¶ https://t.co/rqImL9tkfP",286
18:39:44,"RT @Medicina_CFM: Neste Dia do M√©dico at√≠pico, em meio a pandemia de Covid-19, a necessidade de se priorizar a sa√∫de no pa√≠s tem se tornado‚Ä¶",287
18:39:49,"RT @ConassOficial: #PainelConass Covid-19 Data: 18/10/2020, 18h  Casos ‚Ä¢ 10.982 no √∫ltimo per√≠odo. ‚Ä¢ 5.235.344 acumulados.  √ìbitos ‚Ä¢ 230 no‚Ä¶",288
18:39:49,RT @OsmarTerra: Estamos falando de Pandemias. Que provocam grandes surtos em muitos continentes e pa√≠ses no mesmo per√≠odo de tempo. Me cite‚Ä¶,289
18:40:5,"Nesta vila italiana, s√≥ vivem duas pessoas (mas t√™m uma ‚Äúregra de ouro‚Äù para evitar a covid-19) https://t.co/1z0lruNeyq",290
18:40:7,Cantor Jorge Arag√£o √© internado com covid-19 na UTI https://t.co/a0GEGRy60K,291
18:40:13,RT @OsmarTerra: Estamos falando de Pandemias. Que provocam grandes surtos em muitos continentes e pa√≠ses no mesmo per√≠odo de tempo. Me cite‚Ä¶,292
18:40:28,QUANTOS DOENTES VOC√ä TRATOU NESTA VIDA? QUANTOS VOC√ä SALVOU ? Sentar se num computador e palpitar de nada adianta.‚Ä¶ https://t.co/nINBGON1HX,293
18:40:31,RT @jairbolsonaro: - Covid-19/VACINA√á√ÉO. https://t.co/J9tzwtg20w,294
18:40:42,Covid-19: ‚ÄúEu fiquei com a sensa√ß√£o que o Governo entrou em p√¢nico‚Äú https://t.co/72UmjrHscx,295
18:40:42,Covid-19: ‚ÄúEu fiquei com a sensa√ß√£o que o Governo entrou em p√¢nico‚Äú https://t.co/izrJ7H1EYw,296
18:40:46,RT @radiobandnewsfm: üò∑ EXCLUSIVO!   A Pfizer ainda n√£o recebeu um retorno do governo federal sobre a proposta para distribui√ß√£o das vacinas‚Ä¶,297
18:41:20,RT @Estadao: Jorge Arag√£o est√° internado na UTI com covid-19  https://t.co/SXUe3bHdCD,298
18:41:54,RT @andretrig: Tinha 33 anos e mais de 1 milh√£o de seguidores no Instagram. Antes de adoecer chegou a dizer que o #coronav√≠rus n√£o existia.‚Ä¶,299
18:41:56,RT @andretrig: Tinha 33 anos e mais de 1 milh√£o de seguidores no Instagram. Antes de adoecer chegou a dizer que o #coronav√≠rus n√£o existia.‚Ä¶,300
18:42:7,Estudo comprova presen√ßa do coronav√≠rus no c√©rebro de pacientes https://t.co/RYfSm8kfV3 https://t.co/mS8RBLvdeb,301
18:42:12,"RT @MBColunista: O ""liberal"" Kim Kataguiri, aquele que defende ""Estado M√≠nimo"" e condena ""Arroubos autorit√°rios"", est√° advogando pela obrig‚Ä¶",302
18:42:21,Maranh√£o tem 23 cidades sem registro de mortes por Covid-19; S√£o Lu√≠s tem 32% dos √≥bitos ocorridos no estado https://t.co/5XtwCtGYUZ,303
18:42:26,RT @elenalandau: Eu entendi bem ? Jura que o l√≠der do partido acha que vacina √© restri√ß√£o √† liberdade . Ele j√° leu Mill e Teoria do Dano? üò±üò±,304
18:42:26,RT @yec_terrza: QUANTOS DOENTES VOC√ä TRATOU NESTA VIDA? QUANTOS VOC√ä SALVOU ? Sentar se num computador e palpitar de nada adianta. Desde o‚Ä¶,305
18:42:51,RT @cirogomes: Dedicar a vida para cuidar do outro √© um ato de amor. Os profissionais de sa√∫de sempre foram her√≥is e a pandemia refor√ßou o‚Ä¶,306
18:43:3,"Jorge Arag√£o est√° internado em UTI com Covid-19, mas reage bem a tratamento https://t.co/whEPdGOn1j",307
18:43:11,RT @liberdademedico: Mas o reizinho sol manda-chuva do partido NOVO defende vacina√ß√£o compuls√≥ria.  Voc√™ vai acordar ou vai continuar acred‚Ä¶,308
18:43:14,@senadorhumberto A covid continua a fazer v√≠timas s√≥ no Brasil senador? Deixa de ser tonto.,309
18:43:22,RT @OsmarTerra: Estamos falando de Pandemias. Que provocam grandes surtos em muitos continentes e pa√≠ses no mesmo per√≠odo de tempo. Me cite‚Ä¶,310
18:43:41,Influenciador fitness morre de covid-19 ap√≥s duvidar da doen√ßa https://t.co/V1PIJUCEcM https://t.co/KMY6i5V6o4,311
18:43:51,RT @BahiaNoticias: Estudo comprova presen√ßa do coronav√≠rus no c√©rebro de pacientes https://t.co/RYfSm8kfV3 https://t.co/mS8RBLvdeb,312
18:43:52,Influenciador fitness morre de covid-19 ap√≥s duvidar da doen√ßa https://t.co/0eXgf9Ecj6 https://t.co/O9QdqTgYeH,313
18:43:58,RT @palmeriodoria: √â pra j√° https://t.co/gJKxmGFFl1,314
18:44:1,#It√°lia volta a ter alta de casos de #covid19 https://t.co/eJiXk8wGHS,315
18:44:5,"RT @ladygross: Jorginho, querido! Rezando por voc√™ e por todos que est√£o sofrendo com essa doen√ßa. . https://t.co/3rZrB4cjF5",316
18:44:36,RT @BahiaNoticias: Estudo comprova presen√ßa do coronav√≠rus no c√©rebro de pacientes https://t.co/RYfSm8kfV3 https://t.co/mS8RBLvdeb,317
18:44:38,T√≥quio tem mais de 100 casos de Covid-19 pelo sexto dia seguido.   https://t.co/kBOBVmGDh3,318
18:45:7,Influenciador morre de covid-19 ap√≥s negar a exist√™ncia da doen√ßa #coronavirus #covid19 #ajunews https://t.co/gcD8a8l46C,319
18:45:10,"RT @sou_eumesma: A galera q diz q a vacina deve ser obrigat√≥ria n√£o √© a mesma que diz:""meu corpo minhas regras""?üòÇüòÇ 6tomam jeito porra!!",320
18:45:13,Not√≠cias &amp; Atualiza√ß√µes do #Coronavirus - Baixe e ou√ßa depois #Podcasts OFFLINE https://t.co/m0C66KYo5m,321
18:45:18,RT @MarleneFFL: Witzel poder√° ser preso a qualquer hora e outros ter√£o o mesmo destino ‚Ä¶ vem a√≠ o ‚ÄúCovid√£o‚Äù ‚Ä¶ uma Opera√ß√£o do mesmo naipe d‚Ä¶,322
18:45:20,Influenciador ucraniano morre de covid-19 ap√≥s dizer que doen√ßa n√£o existia https://t.co/Dr7Njz7AaP   Durante a int‚Ä¶ https://t.co/jUwpBoMsyS,323
18:45:22,Qual √© afinal a posi√ß√£o da OMS sobre o confinamento contra a covid-19? #msnbrasil https://t.co/6MUIpaxUgE,324
18:45:23,Influenciador ucraniano morre de covid-19 ap√≥s dizer que doen√ßa n√£o existia https://t.co/ikutew1Yp5 via @UOLNoticias @UOL,325
18:45:24,Metr√≥poles: Influencer morre de Covid-19 ap√≥s defender que a doen√ßa ‚Äún√£o existia‚Äù. https://t.co/lh2WuxCV4R  via @GoogleNews,326
18:45:31,"RT @LairaGVieira: Acenando para as pessoas q se curaram d Covid, usando cloroquina. https://t.co/l5eZgiYEyR",327
18:45:36,Chanceleres testam positivo para Covid-19 ap√≥s reuni√£o da Uni√£o Europeia.  https://t.co/8OAx1U1HvN,328
18:45:44,RT @lesixel: @MarleneFFL @AraciPatriota Ele t√° cert√≠ssimo. Dando corda pros vagabundos se enforcarem. Exato como fez com as verbas do Covid‚Ä¶,329
18:45:55,Sorocaba n√£o registra novas mortes por Covid-19 em 24h - https://t.co/Lr9wqQmyN7 https://t.co/PMhQ0v0hQq,330
18:45:59,"Rede social removeu a mensagem neste domingo, dizendo que ela violava sua pol√≠tica de informa√ß√µes enganosas sobre a‚Ä¶ https://t.co/qWE886Y6BP",331
18:46:17,A ignor√¢ncia mata. Mesmo.,332
18:46:19,"RT @pavarini: Influenciador ucraniano morre de covid-19 ap√≥s dizer que doen√ßa n√£o existia https://t.co/Dr7Njz7AaP   Durante a interna√ß√£o, e‚Ä¶",333
18:46:23,"RT @senadorhumberto: Minimizada pelo governo Bolsonaro, a Covid-19 segue fazendo v√≠timas em todo o Brasil. O cantor Jorge Arag√£o est√° inter‚Ä¶",334
18:46:35,RT @UOLNoticias: Influenciador ucraniano morre de covid-19 ap√≥s dizer que doen√ßa n√£o existia https://t.co/4wBudmdppv,335
18:46:39,RT @Estadao: Jorge Arag√£o est√° internado na UTI com covid-19  https://t.co/SXUe3bHdCD,336
18:47:1,A Lei de Darwin √© mais forte que a do Ex e a de Murphy https://t.co/o0ddOMFmF3,337
18:47:27,"RT @HugoGloss: O cantor Jorge Arag√£o, de 71 anos, est√° internado na UTI de um hospital no Rio de Janeiro, em decorr√™ncia da Covid-19. Segun‚Ä¶",338
18:47:27,"RT @deccache: 2. Covid √© um v√≠rus que fabrica dinheiro? Alguns c√≠nicos dir√£o que o dinheiro apareceu pq se trata de uma emerg√™ncia. Ora, em‚Ä¶",339
18:47:47,RT @A_Bem_d_Verdade: @Biacerbi @teresinhalopes @tarcisiogdf E Me diga o que √© que ele poderia ter feito se o STF tirou dele e passou para o‚Ä¶,340
18:47:53,Piau√≠ registra 9 √≥bitos por Covid-19 em 24h; total de mortes no estado se aproxima de 2.3 mil https://t.co/U1a8yzDR9e,341
18:47:55,"RT @CNNBrasil: Rede social removeu a mensagem neste domingo, dizendo que ela violava sua pol√≠tica de informa√ß√µes enganosas sobre a Covid-19‚Ä¶",342
18:48:0,Jorge Arag√£o est√° na UTI com covid-19 https://t.co/f68Zl7JWaw   Cantor est√° hospitalizado desde 13 de outubro e n√£o‚Ä¶ https://t.co/9F8oGQ1ffW,343
18:48:9,"Fim do distanciamento social pode provocar 's√≠ndrome da cabana', afirmam psic√≥logos: O retorno √† rotina antes da pa‚Ä¶ https://t.co/mlI6tmHEhv",344
18:48:9,RT @brasil247: It√°lia bate recorde de casos de Covid-19 pelo quinto dia seguido https://t.co/oMiBVjEqi2,345
18:48:38,"Com Covid-19, Jorge Arag√£o √© internado em UTI de hospital - https://t.co/p3A2aoaWpw https://t.co/Jy1eOtA6l2",346
18:48:50,"O cantor Jorge Arag√£o, de 71 anos, est√° internado na UTI de um hospital no Rio de Janeiro, em decorr√™ncia da Covid-‚Ä¶ https://t.co/0kFgvKbhBw",347
18:48:53,RT @cirogomes: Dedicar a vida para cuidar do outro √© um ato de amor. Os profissionais de sa√∫de sempre foram her√≥is e a pandemia refor√ßou o‚Ä¶,348
18:48:57,Amo√™do defende vacina obrigat√≥ria para covid e isolamento para quem se opor. https://t.co/xOj3WTdIX1,349
18:49:32,RT @andretrig: Tinha 33 anos e mais de 1 milh√£o de seguidores no Instagram. Antes de adoecer chegou a dizer que o #coronav√≠rus n√£o existia.‚Ä¶,350
18:49:57,RT @cirogomes: Dedicar a vida para cuidar do outro √© um ato de amor. Os profissionais de sa√∫de sempre foram her√≥is e a pandemia refor√ßou o‚Ä¶,351
18:50:3,RT @g1rio: Jorge Arag√£o √© internado em UTI com Covid-19 =====&gt;https://t.co/FMcex0bF1C,352
18:50:11,Refugiados e imigrantes denunciam xenofobia no sistema p√∫blico de sa√∫de durante pandemia  Quando levados em conta o‚Ä¶ https://t.co/sjkiw1fTUA,353
18:50:13,Estudo comprova presen√ßa do coronav√≠rus no c√©rebro de pacientes - https://t.co/b3VmWd4ziP,354
18:50:15,Estado do Rio registra 50 mortes por coronav√≠rus nas √∫ltimas 24 horas  LINK: https://t.co/rtwjvUzb6S https://t.co/1XBF4gsCUP,355
18:50:16,Amazonas tem 411 novos casos e 7 √≥bitos por covid-19 https://t.co/QLzw72rgLc https://t.co/YWNX3FJnCb,356
18:50:26,RT @brasil247: Cuba anuncia segunda vacina contra Covid-19 em fase de testes https://t.co/Te5yEqKHYa,357
18:50:38,Bolsonaro rebate Doria e diz que governo federal n√£o obrigar√° vacina√ß√£o contra covid-19 https://t.co/H27nBkG7wu,358
18:50:44,RT @PATRlOTAS: Amo√™do defende vacina obrigat√≥ria para covid e isolamento para quem se opor. https://t.co/xOj3WTdIX1,359
18:50:50,"Fadiga, dor de cabe√ßa, altera√ß√µes de mem√≥ria e olfato: sintomas em pacientes leves de Covid persistem em 75% dos ca‚Ä¶ https://t.co/6IVLuDWPZB",360
18:51:15,"No que me diz respeito, j√° √© hora de abandonar o @Twitter e ir em busca de plataformas mais democr√°ticas. Se eu gos‚Ä¶ https://t.co/a2YuPejTXg",361
18:51:33,"Sa√≠mos desse bloco com um saldo positivo, mas que apenas compensou o saldo negativo do bloco anterior. Ainda assim,‚Ä¶ https://t.co/5uVoFO98hG",362
18:51:36,RT @A_Bem_d_Verdade: @Biacerbi @teresinhalopes @tarcisiogdf E Me diga o que √© que ele poderia ter feito se o STF tirou dele e passou para o‚Ä¶,363
18:51:39,"Parece not√≠cia repetida, mas n√£o √© ""It√°lia bate recorde de casos di√°rios de Covid-19 pelo quarto dia seguido""",364
18:51:53,Covid-19: Servi√ßos de medicina intensiva de adultos com ocupa√ß√£o de 71% no Centro https://t.co/SN2wiPIRBb,365
18:52:10,"RT @Medicina_CFM: Neste Dia do M√©dico at√≠pico, em meio a pandemia de Covid-19, a necessidade de se priorizar a sa√∫de no pa√≠s tem se tornado‚Ä¶",366
18:53:30,"BOA NOT√çCIA  Internado com Covid-19, Jorge Arag√£o apresenta melhoras e recebe alta da UTI https://t.co/muwC2XNfPW https://t.co/HOcLRzdQCB",367
18:53:57,BOLETIM EPIDEMIOL√ìGIO 18/10/2020: Alagoas tem 89.493 casos da Covid-19 e 2.177 √≥bitos... https://t.co/7fKt9Y4UDR,368
18:54:1,"RT @GFiuza_Oficial: O que esses burocratas de Genebra fazem hoje em dia al√©m de prever o passado, especular com o futuro e sancionar medida‚Ä¶",369
18:54:9,Covid-19 mata candidato a prefeito de Montividiu https://t.co/wUhUSEJdvd https://t.co/sW5ZFaRCnk,370
